subgroup,L,p,seed,train_size,test_size,batch_size,epochs,steps_per_epoch,lr,random_sharing,device,pl_device,diff_method,single_qubit_block,init_scale,allow_overlap_if_needed,epsilon,broken_K,train_loss,test_loss,train_accuracy,test_accuracy,generalization_gap,num_parameters,subgroup_order,sharing_type,elapsed_seconds,requested_disjoint,actual_disjoint,overlap_count,split_mode,requested_epsilon,actual_epsilon,corrupted_orbit_count,corruption_mode,corrupted_orbit_indices,circuit_family
none,3,2,0,30,600,15,100,30,0.01,False,cpu,lightning.qubit,adjoint,paper,0.1,True,0.0,D4,0.7605799528724831,2.5630579264567803,1.0,0.47,0.53,204,1,symmetry,602.6587346669985,True,True,0,disjoint,0.0,0.0,0,none,(),edge
none,3,2,1,30,600,15,100,30,0.01,False,cpu,lightning.qubit,adjoint,paper,0.1,True,0.0,D4,0.8625144546298121,2.7702411959253017,1.0,0.4183333333333333,0.5816666666666667,204,1,symmetry,597.5977183340583,True,True,0,disjoint,0.0,0.0,0,none,(),edge
none,3,2,2,30,600,15,100,30,0.01,False,cpu,lightning.qubit,adjoint,paper,0.1,True,0.0,D4,0.8705934248243863,2.6741141570604348,0.9666666666666668,0.4383333333333333,0.5283333333333333,204,1,symmetry,601.4264399170643,True,True,0,disjoint,0.0,0.0,0,none,(),edge
none,3,2,3,30,600,15,100,30,0.01,False,cpu,lightning.qubit,adjoint,paper,0.1,True,0.0,D4,0.765239200559931,2.85938136693046,0.9666666666666668,0.3883333333333333,0.5783333333333334,204,1,symmetry,595.7330224160105,True,True,0,disjoint,0.0,0.0,0,none,(),edge
none,3,2,4,30,600,15,100,30,0.01,False,cpu,lightning.qubit,adjoint,paper,0.1,True,0.0,D4,0.7549146227751727,2.666994366109496,1.0,0.5016666666666667,0.4983333333333333,204,1,symmetry,604.0272042090073,True,True,0,disjoint,0.0,0.0,0,none,(),edge
none,3,2,0,60,600,15,100,30,0.01,False,cpu,lightning.qubit,adjoint,paper,0.1,True,0.0,D4,1.3624135088507008,2.4761772716658648,0.9666666666666668,0.4966666666666666,0.47,204,1,symmetry,599.5525910409633,True,True,0,disjoint,0.0,0.0,0,none,(),edge
none,3,2,1,60,600,15,100,30,0.01,False,cpu,lightning.qubit,adjoint,paper,0.1,True,0.0,D4,1.211938919790572,2.5459664270027536,0.9666666666666668,0.51,0.4566666666666666,204,1,symmetry,632.168242292013,True,True,0,disjoint,0.0,0.0,0,none,(),edge
none,3,2,2,60,600,15,100,30,0.01,False,cpu,lightning.qubit,adjoint,paper,0.1,True,0.0,D4,1.2157365205004722,2.59370257086095,0.95,0.48,0.47,204,1,symmetry,612.6115219169296,True,True,0,disjoint,0.0,0.0,0,none,(),edge
none,3,2,3,60,600,15,100,30,0.01,False,cpu,lightning.qubit,adjoint,paper,0.1,True,0.0,D4,1.222202942264634,2.6667322894411316,0.9833333333333332,0.475,0.5083333333333333,204,1,symmetry,595.6495381250279,True,True,0,disjoint,0.0,0.0,0,none,(),edge
none,3,2,4,60,600,15,100,30,0.01,False,cpu,lightning.qubit,adjoint,paper,0.1,True,0.0,D4,1.2338812088294793,2.4920009995657164,0.9666666666666668,0.5066666666666667,0.4599999999999999,204,1,symmetry,576.3308015409857,True,True,0,disjoint,0.0,0.0,0,none,(),edge
none,3,2,0,120,600,15,100,30,0.01,False,cpu,lightning.qubit,adjoint,paper,0.1,True,0.0,D4,1.556203618636765,2.369663183713886,0.875,0.555,0.3199999999999999,204,1,symmetry,588.663790749968,True,True,0,disjoint,0.0,0.0,0,none,(),edge
none,3,2,1,120,600,15,100,30,0.01,False,cpu,lightning.qubit,adjoint,paper,0.1,True,0.0,D4,1.505075968139947,2.4115107125496267,0.8833333333333333,0.53,0.3533333333333333,204,1,symmetry,596.2090366249904,True,True,0,disjoint,0.0,0.0,0,none,(),edge
none,3,2,2,120,600,15,100,30,0.01,False,cpu,lightning.qubit,adjoint,paper,0.1,True,0.0,D4,1.4737271668648024,2.5089934010122152,0.8666666666666667,0.495,0.3716666666666667,204,1,symmetry,611.6434837080305,True,True,0,disjoint,0.0,0.0,0,none,(),edge
none,3,2,3,120,600,15,100,30,0.01,False,cpu,lightning.qubit,adjoint,paper,0.1,True,0.0,D4,1.4764136101435157,2.4486503411998837,0.8666666666666667,0.5183333333333333,0.3483333333333334,204,1,symmetry,617.4047950420063,True,True,0,disjoint,0.0,0.0,0,none,(),edge
none,3,2,4,120,600,15,100,30,0.01,False,cpu,lightning.qubit,adjoint,paper,0.1,True,0.0,D4,1.515519744640584,2.5028002226560138,0.85,0.525,0.3249999999999999,204,1,symmetry,610.303040958941,True,True,0,disjoint,0.0,0.0,0,none,(),edge
none,3,2,0,240,600,15,100,30,0.01,False,cpu,lightning.qubit,adjoint,paper,0.1,True,0.0,D4,1.842901105356862,2.2798668848267916,0.7583333333333333,0.5633333333333334,0.1949999999999999,204,1,symmetry,601.2952277079457,True,True,0,disjoint,0.0,0.0,0,none,(),edge
none,3,2,1,240,600,15,100,30,0.01,False,cpu,lightning.qubit,adjoint,paper,0.1,True,0.0,D4,1.7703258072796306,2.307202477363704,0.7833333333333333,0.53,0.2533333333333333,204,1,symmetry,599.0228202090366,True,True,0,disjoint,0.0,0.0,0,none,(),edge
none,3,2,2,240,600,15,100,30,0.01,False,cpu,lightning.qubit,adjoint,paper,0.1,True,0.0,D4,1.7399889998289102,2.375365547209781,0.7875,0.5016666666666667,0.2858333333333333,204,1,symmetry,579.270389375044,True,True,0,disjoint,0.0,0.0,0,none,(),edge
none,3,2,3,240,600,15,100,30,0.01,False,cpu,lightning.qubit,adjoint,paper,0.1,True,0.0,D4,1.7803516045304426,2.2800107826314835,0.7375,0.5616666666666666,0.1758333333333334,204,1,symmetry,573.0479899579659,True,True,0,disjoint,0.0,0.0,0,none,(),edge
none,3,2,4,240,600,15,100,30,0.01,False,cpu,lightning.qubit,adjoint,paper,0.1,True,0.0,D4,1.7873378636203665,2.318086897886422,0.7791666666666667,0.5583333333333333,0.2208333333333333,204,1,symmetry,573.2190782079706,True,True,0,disjoint,0.0,0.0,0,none,(),edge
none,3,2,0,450,600,15,100,30,0.01,False,cpu,lightning.qubit,adjoint,paper,0.1,True,0.0,D4,1.932508321230781,2.147147206305844,0.7577777777777778,0.66,0.0977777777777777,204,1,symmetry,575.0120839170413,True,False,97,independent_fallback,0.0,0.0,0,none,(),edge
none,3,2,1,450,600,15,100,30,0.01,False,cpu,lightning.qubit,adjoint,paper,0.1,True,0.0,D4,1.973950510477299,2.184914645066943,0.7222222222222222,0.6216666666666667,0.1005555555555555,204,1,symmetry,574.3872697919142,True,False,92,independent_fallback,0.0,0.0,0,none,(),edge
none,3,2,2,450,600,15,100,30,0.01,False,cpu,lightning.qubit,adjoint,paper,0.1,True,0.0,D4,1.9424822389421024,2.192011268446307,0.7022222222222222,0.5833333333333334,0.1188888888888888,204,1,symmetry,574.9410011250293,True,False,96,independent_fallback,0.0,0.0,0,none,(),edge
none,3,2,3,450,600,15,100,30,0.01,False,cpu,lightning.qubit,adjoint,paper,0.1,True,0.0,D4,1.915061746447396,2.1084006828718818,0.6977777777777778,0.6233333333333333,0.0744444444444445,204,1,symmetry,576.076758665964,True,False,103,independent_fallback,0.0,0.0,0,none,(),edge
none,3,2,4,450,600,15,100,30,0.01,False,cpu,lightning.qubit,adjoint,paper,0.1,True,0.0,D4,1.970816595934868,2.166514151530415,0.6577777777777778,0.58,0.0777777777777778,204,1,symmetry,574.0371896669967,True,False,91,independent_fallback,0.0,0.0,0,none,(),edge
Z2_rot180,3,2,0,30,600,15,100,30,0.01,False,cpu,lightning.qubit,adjoint,paper,0.1,True,0.0,D4,1.221052566492475,2.337520530063696,0.9666666666666668,0.5416666666666666,0.425,108,2,symmetry,549.4176188330166,True,True,0,disjoint,0.0,0.0,0,none,(),edge
Z2_rot180,3,2,1,30,600,15,100,30,0.01,False,cpu,lightning.qubit,adjoint,paper,0.1,True,0.0,D4,1.1405686225270264,2.7029075763414765,0.9333333333333332,0.4133333333333333,0.52,108,2,symmetry,550.6802887090016,True,True,0,disjoint,0.0,0.0,0,none,(),edge
Z2_rot180,3,2,2,30,600,15,100,30,0.01,False,cpu,lightning.qubit,adjoint,paper,0.1,True,0.0,D4,1.3370341099301737,2.547260874705374,0.9,0.495,0.405,108,2,symmetry,549.8726541659562,True,True,0,disjoint,0.0,0.0,0,none,(),edge
Z2_rot180,3,2,3,30,600,15,100,30,0.01,False,cpu,lightning.qubit,adjoint,paper,0.1,True,0.0,D4,1.17185716581887,2.5343850163765396,0.9333333333333332,0.5083333333333333,0.425,108,2,symmetry,549.6842660829425,True,True,0,disjoint,0.0,0.0,0,none,(),edge
Z2_rot180,3,2,4,30,600,15,100,30,0.01,False,cpu,lightning.qubit,adjoint,paper,0.1,True,0.0,D4,1.141217261823782,2.427074787734802,0.8666666666666667,0.5183333333333333,0.3483333333333334,108,2,symmetry,550.4960700829979,True,True,0,disjoint,0.0,0.0,0,none,(),edge
Z2_rot180,3,2,0,60,600,15,100,30,0.01,False,cpu,lightning.qubit,adjoint,paper,0.1,True,0.0,D4,1.5546886839754694,2.462489221530961,0.8,0.4766666666666667,0.3233333333333333,108,2,symmetry,549.4204130000435,True,True,0,disjoint,0.0,0.0,0,none,(),edge
Z2_rot180,3,2,1,60,600,15,100,30,0.01,False,cpu,lightning.qubit,adjoint,paper,0.1,True,0.0,D4,1.4467009426882556,2.482214482544579,0.9,0.545,0.355,108,2,symmetry,549.638624208048,True,True,0,disjoint,0.0,0.0,0,none,(),edge
Z2_rot180,3,2,2,60,600,15,100,30,0.01,False,cpu,lightning.qubit,adjoint,paper,0.1,True,0.0,D4,1.4388393263604071,2.373884139057898,0.8833333333333333,0.5733333333333334,0.3099999999999999,108,2,symmetry,550.1436068750918,True,True,0,disjoint,0.0,0.0,0,none,(),edge
Z2_rot180,3,2,3,60,600,15,100,30,0.01,False,cpu,lightning.qubit,adjoint,paper,0.1,True,0.0,D4,1.6680248540663554,2.437765346020169,0.8,0.5166666666666667,0.2833333333333333,108,2,symmetry,550.1150437919423,True,True,0,disjoint,0.0,0.0,0,none,(),edge
Z2_rot180,3,2,4,60,600,15,100,30,0.01,False,cpu,lightning.qubit,adjoint,paper,0.1,True,0.0,D4,1.455044946930027,2.3247756504082497,0.9333333333333332,0.5233333333333333,0.41,108,2,symmetry,549.0119178749155,True,True,0,disjoint,0.0,0.0,0,none,(),edge
Z2_rot180,3,2,0,120,600,15,100,30,0.01,False,cpu,lightning.qubit,adjoint,paper,0.1,True,0.0,D4,1.7442756072005057,2.2365028309211152,0.775,0.565,0.21,108,2,symmetry,550.2011458330089,True,True,0,disjoint,0.0,0.0,0,none,(),edge
Z2_rot180,3,2,1,120,600,15,100,30,0.01,False,cpu,lightning.qubit,adjoint,paper,0.1,True,0.0,D4,1.667831297226425,2.244991544576202,0.775,0.555,0.2199999999999999,108,2,symmetry,551.0869998330018,True,True,0,disjoint,0.0,0.0,0,none,(),edge
Z2_rot180,3,2,2,120,600,15,100,30,0.01,False,cpu,lightning.qubit,adjoint,paper,0.1,True,0.0,D4,1.704317072397494,2.254046928306868,0.8333333333333334,0.59,0.2433333333333334,108,2,symmetry,550.4912911660504,True,True,0,disjoint,0.0,0.0,0,none,(),edge
Z2_rot180,3,2,3,120,600,15,100,30,0.01,False,cpu,lightning.qubit,adjoint,paper,0.1,True,0.0,D4,1.655361913361205,2.2109293762657436,0.775,0.5583333333333333,0.2166666666666666,108,2,symmetry,550.0491963750683,True,True,0,disjoint,0.0,0.0,0,none,(),edge
Z2_rot180,3,2,4,120,600,15,100,30,0.01,False,cpu,lightning.qubit,adjoint,paper,0.1,True,0.0,D4,1.624035584300643,2.3568253264448225,0.8333333333333334,0.5583333333333333,0.275,108,2,symmetry,550.702504875022,True,True,0,disjoint,0.0,0.0,0,none,(),edge
Z2_rot180,3,2,0,240,600,15,100,30,0.01,False,cpu,lightning.qubit,adjoint,paper,0.1,True,0.0,D4,1.9385950320137573,2.173174233332465,0.7,0.6033333333333334,0.0966666666666665,108,2,symmetry,552.5938778748969,True,True,0,disjoint,0.0,0.0,0,none,(),edge
Z2_rot180,3,2,1,240,600,15,100,30,0.01,False,cpu,lightning.qubit,adjoint,paper,0.1,True,0.0,D4,1.8170043226970551,2.1388357099278377,0.7333333333333333,0.5933333333333334,0.1399999999999999,108,2,symmetry,551.7494346670574,True,True,0,disjoint,0.0,0.0,0,none,(),edge
Z2_rot180,3,2,2,240,600,15,100,30,0.01,False,cpu,lightning.qubit,adjoint,paper,0.1,True,0.0,D4,1.855251698846592,2.2918844959189344,0.7125,0.5583333333333333,0.1541666666666666,108,2,symmetry,552.1373877919978,True,True,0,disjoint,0.0,0.0,0,none,(),edge
Z2_rot180,3,2,3,240,600,15,100,30,0.01,False,cpu,lightning.qubit,adjoint,paper,0.1,True,0.0,D4,1.8493524220533344,2.115115814817786,0.7416666666666667,0.6066666666666667,0.135,108,2,symmetry,551.4333420420298,True,True,0,disjoint,0.0,0.0,0,none,(),edge
Z2_rot180,3,2,4,240,600,15,100,30,0.01,False,cpu,lightning.qubit,adjoint,paper,0.1,True,0.0,D4,1.9128036511642672,2.148364791497191,0.7208333333333333,0.6033333333333334,0.1174999999999999,108,2,symmetry,551.0668560829945,True,True,0,disjoint,0.0,0.0,0,none,(),edge
Z2_rot180,3,2,0,450,600,15,100,30,0.01,False,cpu,lightning.qubit,adjoint,paper,0.1,True,0.0,D4,1.9615558529803536,2.0704469088186843,0.7333333333333333,0.7016666666666667,0.0316666666666666,108,2,symmetry,553.5720439170254,True,False,97,independent_fallback,0.0,0.0,0,none,(),edge
Z2_rot180,3,2,1,450,600,15,100,30,0.01,False,cpu,lightning.qubit,adjoint,paper,0.1,True,0.0,D4,1.924300793136413,2.0048164724453827,0.7222222222222222,0.69,0.0322222222222222,108,2,symmetry,553.7185598330107,True,False,92,independent_fallback,0.0,0.0,0,none,(),edge
Z2_rot180,3,2,2,450,600,15,100,30,0.01,False,cpu,lightning.qubit,adjoint,paper,0.1,True,0.0,D4,2.047085449903859,2.0831539423962964,0.7177777777777777,0.6716666666666666,0.0461111111111111,108,2,symmetry,553.9546796669019,True,False,96,independent_fallback,0.0,0.0,0,none,(),edge
Z2_rot180,3,2,3,450,600,15,100,30,0.01,False,cpu,lightning.qubit,adjoint,paper,0.1,True,0.0,D4,2.03042409635957,2.094200556922076,0.6888888888888889,0.67,0.0188888888888888,108,2,symmetry,553.2808662090683,True,False,103,independent_fallback,0.0,0.0,0,none,(),edge
Z2_rot180,3,2,4,450,600,15,100,30,0.01,False,cpu,lightning.qubit,adjoint,paper,0.1,True,0.0,D4,1.974192815361823,2.106627748813192,0.7022222222222222,0.6533333333333333,0.0488888888888888,108,2,symmetry,553.0452802499058,True,False,91,independent_fallback,0.0,0.0,0,none,(),edge
Z2_reflection,3,2,0,30,600,15,100,30,0.01,False,cpu,lightning.qubit,adjoint,paper,0.1,True,0.0,D4,0.9987731884956348,2.486479655636126,0.9666666666666668,0.5066666666666667,0.4599999999999999,126,2,symmetry,567.4064349160763,True,True,0,disjoint,0.0,0.0,0,none,(),edge
Z2_reflection,3,2,1,30,600,15,100,30,0.01,False,cpu,lightning.qubit,adjoint,paper,0.1,True,0.0,D4,1.0754448170860018,2.7575342316067455,0.9666666666666668,0.42,0.5466666666666666,126,2,symmetry,579.8872275419999,True,True,0,disjoint,0.0,0.0,0,none,(),edge
Z2_reflection,3,2,2,30,600,15,100,30,0.01,False,cpu,lightning.qubit,adjoint,paper,0.1,True,0.0,D4,1.0289153693735351,2.5900891996704187,0.9666666666666668,0.5116666666666667,0.4549999999999999,126,2,symmetry,571.1263843330089,True,True,0,disjoint,0.0,0.0,0,none,(),edge
Z2_reflection,3,2,3,30,600,15,100,30,0.01,False,cpu,lightning.qubit,adjoint,paper,0.1,True,0.0,D4,1.0223163963902424,2.578835240285939,0.9666666666666668,0.4916666666666666,0.475,126,2,symmetry,563.8907593750628,True,True,0,disjoint,0.0,0.0,0,none,(),edge
Z2_reflection,3,2,4,30,600,15,100,30,0.01,False,cpu,lightning.qubit,adjoint,paper,0.1,True,0.0,D4,0.9263037297341656,2.666353255216144,1.0,0.475,0.525,126,2,symmetry,566.1238173330203,True,True,0,disjoint,0.0,0.0,0,none,(),edge
Z2_reflection,3,2,0,60,600,15,100,30,0.01,False,cpu,lightning.qubit,adjoint,paper,0.1,True,0.0,D4,1.5649994322348808,2.3277389421862114,0.8166666666666667,0.545,0.2716666666666666,126,2,symmetry,664.5465395000065,True,True,0,disjoint,0.0,0.0,0,none,(),edge
Z2_reflection,3,2,1,60,600,15,100,30,0.01,False,cpu,lightning.qubit,adjoint,paper,0.1,True,0.0,D4,1.250315486603509,2.497182407963517,0.8833333333333333,0.495,0.3883333333333333,126,2,symmetry,566.173756040982,True,True,0,disjoint,0.0,0.0,0,none,(),edge
Z2_reflection,3,2,2,60,600,15,100,30,0.01,False,cpu,lightning.qubit,adjoint,paper,0.1,True,0.0,D4,1.3358298002793167,2.6034883276936984,0.8833333333333333,0.5083333333333333,0.375,126,2,symmetry,579.8602374999318,True,True,0,disjoint,0.0,0.0,0,none,(),edge
Z2_reflection,3,2,3,60,600,15,100,30,0.01,False,cpu,lightning.qubit,adjoint,paper,0.1,True,0.0,D4,1.459797456198991,2.538200047644421,0.9166666666666666,0.475,0.4416666666666666,126,2,symmetry,576.5535110830097,True,True,0,disjoint,0.0,0.0,0,none,(),edge
Z2_reflection,3,2,4,60,600,15,100,30,0.01,False,cpu,lightning.qubit,adjoint,paper,0.1,True,0.0,D4,1.368096895317663,2.466900941315761,0.9333333333333332,0.5133333333333333,0.42,126,2,symmetry,581.0285994589794,True,True,0,disjoint,0.0,0.0,0,none,(),edge
Z2_reflection,3,2,0,120,600,15,100,30,0.01,False,cpu,lightning.qubit,adjoint,paper,0.1,True,0.0,D4,1.6302879243572297,2.2037230057451054,0.875,0.6033333333333334,0.2716666666666666,126,2,symmetry,588.3404372500954,True,True,0,disjoint,0.0,0.0,0,none,(),edge
Z2_reflection,3,2,1,120,600,15,100,30,0.01,False,cpu,lightning.qubit,adjoint,paper,0.1,True,0.0,D4,1.5161861756531256,2.29148801395588,0.8,0.5466666666666666,0.2533333333333334,126,2,symmetry,581.9296747499611,True,True,0,disjoint,0.0,0.0,0,none,(),edge
Z2_reflection,3,2,2,120,600,15,100,30,0.01,False,cpu,lightning.qubit,adjoint,paper,0.1,True,0.0,D4,1.5688500478861334,2.4379913508243054,0.8083333333333333,0.545,0.2633333333333333,126,2,symmetry,574.7550781249302,True,True,0,disjoint,0.0,0.0,0,none,(),edge
Z2_reflection,3,2,3,120,600,15,100,30,0.01,False,cpu,lightning.qubit,adjoint,paper,0.1,True,0.0,D4,1.5857141215856752,2.2671759051841573,0.8333333333333334,0.5566666666666666,0.2766666666666667,126,2,symmetry,581.3854748330778,True,True,0,disjoint,0.0,0.0,0,none,(),edge
Z2_reflection,3,2,4,120,600,15,100,30,0.01,False,cpu,lightning.qubit,adjoint,paper,0.1,True,0.0,D4,1.6780825602011546,2.3664138842998064,0.8,0.5616666666666666,0.2383333333333334,126,2,symmetry,587.464754958055,True,True,0,disjoint,0.0,0.0,0,none,(),edge
Z2_reflection,3,2,0,240,600,15,100,30,0.01,False,cpu,lightning.qubit,adjoint,paper,0.1,True,0.0,D4,1.9085686962551869,2.142617586737636,0.7166666666666667,0.6216666666666667,0.0949999999999999,126,2,symmetry,635.7019886670168,True,True,0,disjoint,0.0,0.0,0,none,(),edge
Z2_reflection,3,2,1,240,600,15,100,30,0.01,False,cpu,lightning.qubit,adjoint,paper,0.1,True,0.0,D4,1.8158204993762503,2.195010109478996,0.7708333333333334,0.5933333333333334,0.1775,126,2,symmetry,640.7346719999332,True,True,0,disjoint,0.0,0.0,0,none,(),edge
Z2_reflection,3,2,2,240,600,15,100,30,0.01,False,cpu,lightning.qubit,adjoint,paper,0.1,True,0.0,D4,1.8188185045987373,2.2335689047877256,0.7208333333333333,0.5683333333333334,0.1524999999999999,126,2,symmetry,611.8518629580503,True,True,0,disjoint,0.0,0.0,0,none,(),edge
Z2_reflection,3,2,3,240,600,15,100,30,0.01,False,cpu,lightning.qubit,adjoint,paper,0.1,True,0.0,D4,1.769226710306234,2.106821243790733,0.7791666666666667,0.6116666666666667,0.1674999999999999,126,2,symmetry,583.0801745000063,True,True,0,disjoint,0.0,0.0,0,none,(),edge
Z2_reflection,3,2,4,240,600,15,100,30,0.01,False,cpu,lightning.qubit,adjoint,paper,0.1,True,0.0,D4,1.8892754592563117,2.1330145024470455,0.75,0.6083333333333333,0.1416666666666667,126,2,symmetry,590.2326401669998,True,True,0,disjoint,0.0,0.0,0,none,(),edge
Z2_reflection,3,2,0,450,600,15,100,30,0.01,False,cpu,lightning.qubit,adjoint,paper,0.1,True,0.0,D4,1.928085318090804,2.0410318662378235,0.7288888888888889,0.695,0.0338888888888889,126,2,symmetry,586.6808530000271,True,False,97,independent_fallback,0.0,0.0,0,none,(),edge
Z2_reflection,3,2,1,450,600,15,100,30,0.01,False,cpu,lightning.qubit,adjoint,paper,0.1,True,0.0,D4,2.0230743789766907,2.098717282296229,0.6577777777777778,0.62,0.0377777777777778,126,2,symmetry,576.5388942079153,True,False,92,independent_fallback,0.0,0.0,0,none,(),edge
Z2_reflection,3,2,2,450,600,15,100,30,0.01,False,cpu,lightning.qubit,adjoint,paper,0.1,True,0.0,D4,1.9791396171956597,2.053931875378201,0.7355555555555555,0.6783333333333333,0.0572222222222221,126,2,symmetry,572.4726544579025,True,False,96,independent_fallback,0.0,0.0,0,none,(),edge
Z2_reflection,3,2,3,450,600,15,100,30,0.01,False,cpu,lightning.qubit,adjoint,paper,0.1,True,0.0,D4,1.915402408516724,1.985647359289877,0.7577777777777778,0.7266666666666667,0.031111111111111,126,2,symmetry,574.2029610420577,True,False,103,independent_fallback,0.0,0.0,0,none,(),edge
Z2_reflection,3,2,4,450,600,15,100,30,0.01,False,cpu,lightning.qubit,adjoint,paper,0.1,True,0.0,D4,1.892322801432608,2.074999707096023,0.7288888888888889,0.6683333333333333,0.0605555555555555,126,2,symmetry,556.0408492919523,True,False,91,independent_fallback,0.0,0.0,0,none,(),edge
C4,3,2,0,30,600,15,100,30,0.01,False,cpu,lightning.qubit,adjoint,paper,0.1,True,0.0,D4,1.502768847395325,2.120108337828925,0.8333333333333334,0.6016666666666667,0.2316666666666667,60,4,symmetry,535.8078152909875,True,True,0,disjoint,0.0,0.0,0,none,(),edge
C4,3,2,1,30,600,15,100,30,0.01,False,cpu,lightning.qubit,adjoint,paper,0.1,True,0.0,D4,1.2659264680017714,2.602843621804643,0.8666666666666667,0.4933333333333333,0.3733333333333333,60,4,symmetry,536.100671333028,True,True,0,disjoint,0.0,0.0,0,none,(),edge
C4,3,2,2,30,600,15,100,30,0.01,False,cpu,lightning.qubit,adjoint,paper,0.1,True,0.0,D4,1.4822019261897386,2.2242510850480373,0.9,0.625,0.275,60,4,symmetry,551.3491804170189,True,True,0,disjoint,0.0,0.0,0,none,(),edge
C4,3,2,3,30,600,15,100,30,0.01,False,cpu,lightning.qubit,adjoint,paper,0.1,True,0.0,D4,1.4002704012374243,2.5045656517622557,0.8,0.5183333333333333,0.2816666666666667,60,4,symmetry,560.764933333965,True,True,0,disjoint,0.0,0.0,0,none,(),edge
C4,3,2,4,30,600,15,100,30,0.01,False,cpu,lightning.qubit,adjoint,paper,0.1,True,0.0,D4,1.3234092448012271,2.3696070049643456,0.8666666666666667,0.5233333333333333,0.3433333333333334,60,4,symmetry,560.765241874964,True,True,0,disjoint,0.0,0.0,0,none,(),edge
C4,3,2,0,60,600,15,100,30,0.01,False,cpu,lightning.qubit,adjoint,paper,0.1,True,0.0,D4,1.6665191430353343,2.2167872616315965,0.8333333333333334,0.59,0.2433333333333334,60,4,symmetry,567.6633957909653,True,True,0,disjoint,0.0,0.0,0,none,(),edge
C4,3,2,1,60,600,15,100,30,0.01,False,cpu,lightning.qubit,adjoint,paper,0.1,True,0.0,D4,1.5491218390646195,2.443851504070206,0.8166666666666667,0.4933333333333333,0.3233333333333333,60,4,symmetry,564.8785252500093,True,True,0,disjoint,0.0,0.0,0,none,(),edge
C4,3,2,2,60,600,15,100,30,0.01,False,cpu,lightning.qubit,adjoint,paper,0.1,True,0.0,D4,1.5701269915892506,2.3140049578578448,0.7833333333333333,0.5866666666666667,0.1966666666666666,60,4,symmetry,570.5381948340219,True,True,0,disjoint,0.0,0.0,0,none,(),edge
C4,3,2,3,60,600,15,100,30,0.01,False,cpu,lightning.qubit,adjoint,paper,0.1,True,0.0,D4,1.8108547771118857,2.201460216545374,0.7666666666666667,0.615,0.1516666666666667,60,4,symmetry,576.6665432080626,True,True,0,disjoint,0.0,0.0,0,none,(),edge
C4,3,2,4,60,600,15,100,30,0.01,False,cpu,lightning.qubit,adjoint,paper,0.1,True,0.0,D4,1.6124783260348674,2.1874793106740267,0.8333333333333334,0.5733333333333334,0.26,60,4,symmetry,581.6890605828958,True,True,0,disjoint,0.0,0.0,0,none,(),edge
C4,3,2,0,120,600,15,100,30,0.01,False,cpu,lightning.qubit,adjoint,paper,0.1,True,0.0,D4,1.7891089640954534,1.991688030338152,0.7666666666666667,0.69,0.0766666666666667,60,4,symmetry,579.4289902080782,True,True,0,disjoint,0.0,0.0,0,none,(),edge
C4,3,2,1,120,600,15,100,30,0.01,False,cpu,lightning.qubit,adjoint,paper,0.1,True,0.0,D4,1.7126550359360029,2.180234647854326,0.725,0.5866666666666667,0.1383333333333333,60,4,symmetry,580.6009484169772,True,True,0,disjoint,0.0,0.0,0,none,(),edge
C4,3,2,2,120,600,15,100,30,0.01,False,cpu,lightning.qubit,adjoint,paper,0.1,True,0.0,D4,1.741701664512441,2.120905775671836,0.8083333333333333,0.6783333333333333,0.13,60,4,symmetry,571.8288679170655,True,True,0,disjoint,0.0,0.0,0,none,(),edge
C4,3,2,3,120,600,15,100,30,0.01,False,cpu,lightning.qubit,adjoint,paper,0.1,True,0.0,D4,1.7969544227654624,2.1483858456383733,0.7583333333333333,0.6083333333333333,0.15,60,4,symmetry,568.117233500001,True,True,0,disjoint,0.0,0.0,0,none,(),edge
C4,3,2,4,120,600,15,100,30,0.01,False,cpu,lightning.qubit,adjoint,paper,0.1,True,0.0,D4,1.8944352004552285,2.2044466577526456,0.6833333333333333,0.585,0.0983333333333333,60,4,symmetry,584.4929584159981,True,True,0,disjoint,0.0,0.0,0,none,(),edge
C4,3,2,0,240,600,15,100,30,0.01,False,cpu,lightning.qubit,adjoint,paper,0.1,True,0.0,D4,1.8817775256440987,1.9502564808019225,0.7833333333333333,0.7266666666666667,0.0566666666666666,60,4,symmetry,590.5885758340592,True,True,0,disjoint,0.0,0.0,0,none,(),edge
C4,3,2,1,240,600,15,100,30,0.01,False,cpu,lightning.qubit,adjoint,paper,0.1,True,0.0,D4,1.88733256893476,2.076634369213115,0.7166666666666667,0.625,0.0916666666666666,60,4,symmetry,587.9652888339479,True,True,0,disjoint,0.0,0.0,0,none,(),edge
C4,3,2,2,240,600,15,100,30,0.01,False,cpu,lightning.qubit,adjoint,paper,0.1,True,0.0,D4,1.8243862236181152,2.113338967311311,0.7333333333333333,0.6266666666666667,0.1066666666666665,60,4,symmetry,582.6992203330155,True,True,0,disjoint,0.0,0.0,0,none,(),edge
C4,3,2,3,240,600,15,100,30,0.01,False,cpu,lightning.qubit,adjoint,paper,0.1,True,0.0,D4,1.906741851812409,2.0681349653702923,0.7083333333333334,0.615,0.0933333333333333,60,4,symmetry,568.4815281670308,True,True,0,disjoint,0.0,0.0,0,none,(),edge
C4,3,2,4,240,600,15,100,30,0.01,False,cpu,lightning.qubit,adjoint,paper,0.1,True,0.0,D4,1.9629670089434303,2.16261680055403,0.6583333333333333,0.5666666666666667,0.0916666666666666,60,4,symmetry,561.6106555829756,True,True,0,disjoint,0.0,0.0,0,none,(),edge
C4,3,2,0,450,600,15,100,30,0.01,False,cpu,lightning.qubit,adjoint,paper,0.1,True,0.0,D4,1.9262309384463865,1.979412458564606,0.7533333333333333,0.715,0.0383333333333333,60,4,symmetry,567.9125858750194,True,False,97,independent_fallback,0.0,0.0,0,none,(),edge
C4,3,2,1,450,600,15,100,30,0.01,False,cpu,lightning.qubit,adjoint,paper,0.1,True,0.0,D4,2.02489227469271,2.0593219276889427,0.6511111111111111,0.665,-0.0138888888888889,60,4,symmetry,560.1523612920428,True,False,92,independent_fallback,0.0,0.0,0,none,(),edge
C4,3,2,2,450,600,15,100,30,0.01,False,cpu,lightning.qubit,adjoint,paper,0.1,True,0.0,D4,1.9743614286297744,2.0065972897538575,0.7111111111111111,0.6816666666666666,0.0294444444444444,60,4,symmetry,559.7965046250029,True,False,96,independent_fallback,0.0,0.0,0,none,(),edge
C4,3,2,3,450,600,15,100,30,0.01,False,cpu,lightning.qubit,adjoint,paper,0.1,True,0.0,D4,1.9989674346293032,2.010921798973722,0.6755555555555556,0.7,-0.0244444444444443,60,4,symmetry,570.4974643329624,True,False,103,independent_fallback,0.0,0.0,0,none,(),edge
C4,3,2,4,450,600,15,100,30,0.01,False,cpu,lightning.qubit,adjoint,paper,0.1,True,0.0,D4,1.9993838048656556,2.047939057135436,0.6933333333333334,0.6833333333333333,0.01,60,4,symmetry,569.6551173329353,True,False,91,independent_fallback,0.0,0.0,0,none,(),edge
D2_V4,3,2,0,30,600,15,100,30,0.01,False,cpu,lightning.qubit,adjoint,paper,0.1,True,0.0,D4,1.3845812013608108,2.2904891556171334,0.9333333333333332,0.585,0.3483333333333334,78,4,symmetry,579.5968986250227,True,True,0,disjoint,0.0,0.0,0,none,(),edge
D2_V4,3,2,1,30,600,15,100,30,0.01,False,cpu,lightning.qubit,adjoint,paper,0.1,True,0.0,D4,1.2807209600521887,2.408470217935316,0.9333333333333332,0.55,0.3833333333333333,78,4,symmetry,584.6499790420057,True,True,0,disjoint,0.0,0.0,0,none,(),edge
D2_V4,3,2,2,30,600,15,100,30,0.01,False,cpu,lightning.qubit,adjoint,paper,0.1,True,0.0,D4,1.4783900092802815,2.552034208728451,0.9333333333333332,0.5083333333333333,0.425,78,4,symmetry,579.0417894170387,True,True,0,disjoint,0.0,0.0,0,none,(),edge
D2_V4,3,2,3,30,600,15,100,30,0.01,False,cpu,lightning.qubit,adjoint,paper,0.1,True,0.0,D4,1.292820248780632,2.377211019308963,0.9,0.5833333333333334,0.3166666666666666,78,4,symmetry,561.3565359580098,True,True,0,disjoint,0.0,0.0,0,none,(),edge
D2_V4,3,2,4,30,600,15,100,30,0.01,False,cpu,lightning.qubit,adjoint,paper,0.1,True,0.0,D4,1.1941335065681689,2.427200749441706,0.8666666666666667,0.525,0.3416666666666667,78,4,symmetry,586.7884863330983,True,True,0,disjoint,0.0,0.0,0,none,(),edge
D2_V4,3,2,0,60,600,15,100,30,0.01,False,cpu,lightning.qubit,adjoint,paper,0.1,True,0.0,D4,1.555016583309244,2.294379685787136,0.85,0.5633333333333334,0.2866666666666666,78,4,symmetry,723.3783555410337,True,True,0,disjoint,0.0,0.0,0,none,(),edge
D2_V4,3,2,1,60,600,15,100,30,0.01,False,cpu,lightning.qubit,adjoint,paper,0.1,True,0.0,D4,1.4865702022546694,2.4534813711051955,0.8333333333333334,0.5083333333333333,0.325,78,4,symmetry,736.2802624589531,True,True,0,disjoint,0.0,0.0,0,none,(),edge
D2_V4,3,2,2,60,600,15,100,30,0.01,False,cpu,lightning.qubit,adjoint,paper,0.1,True,0.0,D4,1.5062959516722387,2.3524809682845262,0.8833333333333333,0.6016666666666667,0.2816666666666666,78,4,symmetry,725.4303147080354,True,True,0,disjoint,0.0,0.0,0,none,(),edge
D2_V4,3,2,3,60,600,15,100,30,0.01,False,cpu,lightning.qubit,adjoint,paper,0.1,True,0.0,D4,1.5401754386504942,2.2565766615665286,0.8166666666666667,0.5883333333333334,0.2283333333333332,78,4,symmetry,603.8927252499852,True,True,0,disjoint,0.0,0.0,0,none,(),edge
D2_V4,3,2,4,60,600,15,100,30,0.01,False,cpu,lightning.qubit,adjoint,paper,0.1,True,0.0,D4,1.4442164273093765,2.325135135190306,0.85,0.5666666666666667,0.2833333333333333,78,4,symmetry,557.779991999967,True,True,0,disjoint,0.0,0.0,0,none,(),edge
D2_V4,3,2,0,120,600,15,100,30,0.01,False,cpu,lightning.qubit,adjoint,paper,0.1,True,0.0,D4,1.7769931731809765,2.0851248072727264,0.7916666666666666,0.615,0.1766666666666666,78,4,symmetry,559.1062674589921,True,True,0,disjoint,0.0,0.0,0,none,(),edge
D2_V4,3,2,1,120,600,15,100,30,0.01,False,cpu,lightning.qubit,adjoint,paper,0.1,True,0.0,D4,1.5861125305309671,2.218490219269789,0.825,0.5566666666666666,0.2683333333333333,78,4,symmetry,560.6506043340778,True,True,0,disjoint,0.0,0.0,0,none,(),edge
D2_V4,3,2,2,120,600,15,100,30,0.01,False,cpu,lightning.qubit,adjoint,paper,0.1,True,0.0,D4,1.7355770858242534,2.1618260551346187,0.7833333333333333,0.6333333333333333,0.15,78,4,symmetry,560.3848910420202,True,True,0,disjoint,0.0,0.0,0,none,(),edge
D2_V4,3,2,3,120,600,15,100,30,0.01,False,cpu,lightning.qubit,adjoint,paper,0.1,True,0.0,D4,1.717144215462495,2.208297992481383,0.7833333333333333,0.5683333333333334,0.2149999999999999,78,4,symmetry,558.9598501250148,True,True,0,disjoint,0.0,0.0,0,none,(),edge
D2_V4,3,2,4,120,600,15,100,30,0.01,False,cpu,lightning.qubit,adjoint,paper,0.1,True,0.0,D4,1.71737501455029,2.284183345085352,0.775,0.5566666666666666,0.2183333333333333,78,4,symmetry,558.0758187910542,True,True,0,disjoint,0.0,0.0,0,none,(),edge
D2_V4,3,2,0,240,600,15,100,30,0.01,False,cpu,lightning.qubit,adjoint,paper,0.1,True,0.0,D4,1.8735838957772908,1.9679008503719424,0.7166666666666667,0.6766666666666666,0.04,78,4,symmetry,559.1931830829708,True,True,0,disjoint,0.0,0.0,0,none,(),edge
D2_V4,3,2,1,240,600,15,100,30,0.01,False,cpu,lightning.qubit,adjoint,paper,0.1,True,0.0,D4,1.9125541893978388,2.1835642837803295,0.7,0.575,0.125,78,4,symmetry,559.9101304579526,True,True,0,disjoint,0.0,0.0,0,none,(),edge
D2_V4,3,2,2,240,600,15,100,30,0.01,False,cpu,lightning.qubit,adjoint,paper,0.1,True,0.0,D4,1.8108489833159132,2.228717219101445,0.7375,0.5883333333333334,0.1491666666666666,78,4,symmetry,560.7259602920385,True,True,0,disjoint,0.0,0.0,0,none,(),edge
D2_V4,3,2,3,240,600,15,100,30,0.01,False,cpu,lightning.qubit,adjoint,paper,0.1,True,0.0,D4,1.8634311954785836,2.0563333354850433,0.6958333333333333,0.5916666666666667,0.1041666666666666,78,4,symmetry,559.2579636659939,True,True,0,disjoint,0.0,0.0,0,none,(),edge
D2_V4,3,2,4,240,600,15,100,30,0.01,False,cpu,lightning.qubit,adjoint,paper,0.1,True,0.0,D4,1.8498744736733117,2.0871691645486603,0.7708333333333334,0.66,0.1108333333333333,78,4,symmetry,559.5210934999632,True,True,0,disjoint,0.0,0.0,0,none,(),edge
D2_V4,3,2,0,450,600,15,100,30,0.01,False,cpu,lightning.qubit,adjoint,paper,0.1,True,0.0,D4,1.962465797056269,2.029412334608228,0.7111111111111111,0.6783333333333333,0.0327777777777777,78,4,symmetry,560.9243167500244,True,False,97,independent_fallback,0.0,0.0,0,none,(),edge
D2_V4,3,2,1,450,600,15,100,30,0.01,False,cpu,lightning.qubit,adjoint,paper,0.1,True,0.0,D4,2.0128267301253224,2.0472356315642135,0.68,0.66,0.02,78,4,symmetry,561.1096768749412,True,False,92,independent_fallback,0.0,0.0,0,none,(),edge
D2_V4,3,2,2,450,600,15,100,30,0.01,False,cpu,lightning.qubit,adjoint,paper,0.1,True,0.0,D4,2.03718694574051,2.0773513077457952,0.7177777777777777,0.665,0.0527777777777777,78,4,symmetry,561.4952228330076,True,False,96,independent_fallback,0.0,0.0,0,none,(),edge
D2_V4,3,2,3,450,600,15,100,30,0.01,False,cpu,lightning.qubit,adjoint,paper,0.1,True,0.0,D4,1.9930304455856072,2.033956637721013,0.6911111111111111,0.6583333333333333,0.0327777777777777,78,4,symmetry,562.4582829170395,True,False,103,independent_fallback,0.0,0.0,0,none,(),edge
D2_V4,3,2,4,450,600,15,100,30,0.01,False,cpu,lightning.qubit,adjoint,paper,0.1,True,0.0,D4,1.9171015926962929,2.041093866565489,0.72,0.6666666666666666,0.0533333333333333,78,4,symmetry,560.8827934169676,True,False,91,independent_fallback,0.0,0.0,0,none,(),edge
D4,3,2,0,30,600,15,100,30,0.01,False,cpu,lightning.qubit,adjoint,paper,0.1,True,0.0,D4,1.4334122417309585,2.1420474871484156,0.8,0.5983333333333334,0.2016666666666666,54,8,symmetry,551.0264748339541,True,True,0,disjoint,0.0,0.0,0,none,(),edge
D4,3,2,1,30,600,15,100,30,0.01,False,cpu,lightning.qubit,adjoint,paper,0.1,True,0.0,D4,1.3916732448949043,2.5772755200689774,0.9,0.4866666666666667,0.4133333333333333,54,8,symmetry,550.8688198329182,True,True,0,disjoint,0.0,0.0,0,none,(),edge
D4,3,2,2,30,600,15,100,30,0.01,False,cpu,lightning.qubit,adjoint,paper,0.1,True,0.0,D4,1.5349254591384391,2.3265360070704992,0.8666666666666667,0.5533333333333333,0.3133333333333333,54,8,symmetry,552.2354187079472,True,True,0,disjoint,0.0,0.0,0,none,(),edge
D4,3,2,3,30,600,15,100,30,0.01,False,cpu,lightning.qubit,adjoint,paper,0.1,True,0.0,D4,1.4129616658218942,2.2951562492562596,0.8,0.5516666666666666,0.2483333333333334,54,8,symmetry,551.2150188339874,True,True,0,disjoint,0.0,0.0,0,none,(),edge
D4,3,2,4,30,600,15,100,30,0.01,False,cpu,lightning.qubit,adjoint,paper,0.1,True,0.0,D4,1.3735694440021349,2.46525620677339,0.8666666666666667,0.4633333333333333,0.4033333333333334,54,8,symmetry,551.4404206670588,True,True,0,disjoint,0.0,0.0,0,none,(),edge
D4,3,2,0,60,600,15,100,30,0.01,False,cpu,lightning.qubit,adjoint,paper,0.1,True,0.0,D4,1.662191822166201,2.133681895038828,0.7666666666666667,0.625,0.1416666666666667,54,8,symmetry,552.1427916670218,True,True,0,disjoint,0.0,0.0,0,none,(),edge
D4,3,2,1,60,600,15,100,30,0.01,False,cpu,lightning.qubit,adjoint,paper,0.1,True,0.0,D4,1.5674350333764693,2.4173183970415297,0.7833333333333333,0.5116666666666667,0.2716666666666666,54,8,symmetry,551.3330102909822,True,True,0,disjoint,0.0,0.0,0,none,(),edge
D4,3,2,2,60,600,15,100,30,0.01,False,cpu,lightning.qubit,adjoint,paper,0.1,True,0.0,D4,1.5367217781055056,2.3127995057508377,0.8333333333333334,0.6083333333333333,0.2250000000000001,54,8,symmetry,550.9580985830398,True,True,0,disjoint,0.0,0.0,0,none,(),edge
D4,3,2,3,60,600,15,100,30,0.01,False,cpu,lightning.qubit,adjoint,paper,0.1,True,0.0,D4,1.6372622474064755,2.1071191057974876,0.7666666666666667,0.62,0.1466666666666667,54,8,symmetry,550.9937912500463,True,True,0,disjoint,0.0,0.0,0,none,(),edge
D4,3,2,4,60,600,15,100,30,0.01,False,cpu,lightning.qubit,adjoint,paper,0.1,True,0.0,D4,1.6271911664433598,2.2380321134753,0.8166666666666667,0.55,0.2666666666666666,54,8,symmetry,551.1991141660837,True,True,0,disjoint,0.0,0.0,0,none,(),edge
D4,3,2,0,120,600,15,100,30,0.01,False,cpu,lightning.qubit,adjoint,paper,0.1,True,0.0,D4,1.7038665422666668,1.9090185764553371,0.8083333333333333,0.7066666666666667,0.1016666666666666,54,8,symmetry,552.1639184580417,True,True,0,disjoint,0.0,0.0,0,none,(),edge
D4,3,2,1,120,600,15,100,30,0.01,False,cpu,lightning.qubit,adjoint,paper,0.1,True,0.0,D4,1.7526047610746318,2.126121083990151,0.7416666666666667,0.6166666666666667,0.125,54,8,symmetry,551.9057068330003,True,True,0,disjoint,0.0,0.0,0,none,(),edge
D4,3,2,2,120,600,15,100,30,0.01,False,cpu,lightning.qubit,adjoint,paper,0.1,True,0.0,D4,1.7173743563786228,2.1427948044815492,0.7166666666666667,0.59,0.1266666666666667,54,8,symmetry,552.8491130829789,True,True,0,disjoint,0.0,0.0,0,none,(),edge
D4,3,2,3,120,600,15,100,30,0.01,False,cpu,lightning.qubit,adjoint,paper,0.1,True,0.0,D4,1.714499905137727,2.129240213234832,0.725,0.5933333333333334,0.1316666666666666,54,8,symmetry,551.5236881250748,True,True,0,disjoint,0.0,0.0,0,none,(),edge
D4,3,2,4,120,600,15,100,30,0.01,False,cpu,lightning.qubit,adjoint,paper,0.1,True,0.0,D4,1.8448103161508675,2.1453695858489303,0.7666666666666667,0.64,0.1266666666666667,54,8,symmetry,551.5684292500373,True,True,0,disjoint,0.0,0.0,0,none,(),edge
D4,3,2,0,240,600,15,100,30,0.01,False,cpu,lightning.qubit,adjoint,paper,0.1,True,0.0,D4,1.916088816819936,1.9966971765109975,0.7416666666666667,0.6933333333333334,0.0483333333333333,54,8,symmetry,554.0049019999569,True,True,0,disjoint,0.0,0.0,0,none,(),edge
D4,3,2,1,240,600,15,100,30,0.01,False,cpu,lightning.qubit,adjoint,paper,0.1,True,0.0,D4,1.9114755424539709,2.0480394060692855,0.7,0.6283333333333333,0.0716666666666666,54,8,symmetry,552.9468543749535,True,True,0,disjoint,0.0,0.0,0,none,(),edge
D4,3,2,2,240,600,15,100,30,0.01,False,cpu,lightning.qubit,adjoint,paper,0.1,True,0.0,D4,1.8309992467273624,2.0812740329164936,0.7458333333333333,0.6616666666666666,0.0841666666666667,54,8,symmetry,553.3947364999913,True,True,0,disjoint,0.0,0.0,0,none,(),edge
D4,3,2,3,240,600,15,100,30,0.01,False,cpu,lightning.qubit,adjoint,paper,0.1,True,0.0,D4,1.849046977358081,2.0281396562845075,0.7041666666666667,0.6083333333333333,0.0958333333333334,54,8,symmetry,553.1131861250615,True,True,0,disjoint,0.0,0.0,0,none,(),edge
D4,3,2,4,240,600,15,100,30,0.01,False,cpu,lightning.qubit,adjoint,paper,0.1,True,0.0,D4,1.826787067394578,2.0137294595326636,0.6708333333333333,0.6316666666666667,0.0391666666666665,54,8,symmetry,552.9599001669558,True,True,0,disjoint,0.0,0.0,0,none,(),edge
D4,3,2,0,450,600,15,100,30,0.01,False,cpu,lightning.qubit,adjoint,paper,0.1,True,0.0,D4,1.891160020204361,1.9375290430588097,0.7533333333333333,0.7233333333333334,0.0299999999999999,54,8,symmetry,555.1306443749927,True,False,97,independent_fallback,0.0,0.0,0,none,(),edge
D4,3,2,1,450,600,15,100,30,0.01,False,cpu,lightning.qubit,adjoint,paper,0.1,True,0.0,D4,2.0006226209682874,2.009821955219577,0.7022222222222222,0.7033333333333334,-0.0011111111111111,54,8,symmetry,553.7653888330096,True,False,92,independent_fallback,0.0,0.0,0,none,(),edge
D4,3,2,2,450,600,15,100,30,0.01,False,cpu,lightning.qubit,adjoint,paper,0.1,True,0.0,D4,2.0099442685408926,2.016693070000612,0.6977777777777778,0.655,0.0427777777777778,54,8,symmetry,550.9070366659435,True,False,96,independent_fallback,0.0,0.0,0,none,(),edge
D4,3,2,3,450,600,15,100,30,0.01,False,cpu,lightning.qubit,adjoint,paper,0.1,True,0.0,D4,1.943998712056897,1.9815636989466825,0.6622222222222223,0.635,0.0272222222222222,54,8,symmetry,550.4974869590951,True,False,103,independent_fallback,0.0,0.0,0,none,(),edge
D4,3,2,4,450,600,15,100,30,0.01,False,cpu,lightning.qubit,adjoint,paper,0.1,True,0.0,D4,1.9131541097714553,1.9806935736326232,0.7422222222222222,0.725,0.0172222222222222,54,8,symmetry,555.5311583749717,True,False,91,independent_fallback,0.0,0.0,0,none,(),edge
C4,3,2,0,600,600,15,100,30,0.01,False,cpu,lightning.qubit,adjoint,paper,0.1,True,0.0,D4,2.030716660774684,2.0632253137651193,0.7133333333333334,0.6933333333333334,0.02,60,4,symmetry,552.0637957500294,True,False,128,independent_fallback,0.0,0.0,0,none,(),edge
C4,3,2,1,600,600,15,100,30,0.01,False,cpu,lightning.qubit,adjoint,paper,0.1,True,0.0,D4,2.02083264458018,2.0123368578083416,0.6766666666666666,0.68,-0.0033333333333334,60,4,symmetry,551.6286033750512,True,False,122,independent_fallback,0.0,0.0,0,none,(),edge
C4,3,2,2,600,600,15,100,30,0.01,False,cpu,lightning.qubit,adjoint,paper,0.1,True,0.0,D4,1.9702578430490485,1.978966388719735,0.735,0.7033333333333334,0.0316666666666666,60,4,symmetry,552.2389150829986,True,False,133,independent_fallback,0.0,0.0,0,none,(),edge
C4,3,2,3,600,600,15,100,30,0.01,False,cpu,lightning.qubit,adjoint,paper,0.1,True,0.0,D4,1.985352345091309,2.065031196891548,0.67,0.6433333333333333,0.0266666666666667,60,4,symmetry,552.2475071250228,True,False,131,independent_fallback,0.0,0.0,0,none,(),edge
C4,3,2,4,600,600,15,100,30,0.01,False,cpu,lightning.qubit,adjoint,paper,0.1,True,0.0,D4,2.0055620271047223,2.0331116442737693,0.6766666666666666,0.6683333333333333,0.0083333333333333,60,4,symmetry,552.0542513330001,True,False,124,independent_fallback,0.0,0.0,0,none,(),edge
D4,3,2,0,600,600,15,100,30,0.01,False,cpu,lightning.qubit,adjoint,paper,0.1,True,0.0,D4,1.9598370070967568,1.989434791405258,0.7183333333333334,0.725,-0.0066666666666665,54,8,symmetry,549.155559290899,True,False,128,independent_fallback,0.0,0.0,0,none,(),edge
D4,3,2,1,600,600,15,100,30,0.01,False,cpu,lightning.qubit,adjoint,paper,0.1,True,0.0,D4,1.991973377847177,2.002863492092142,0.69,0.705,-0.015,54,8,symmetry,548.8622241249541,True,False,122,independent_fallback,0.0,0.0,0,none,(),edge
D4,3,2,2,600,600,15,100,30,0.01,False,cpu,lightning.qubit,adjoint,paper,0.1,True,0.0,D4,2.0236367333250413,2.013319961206173,0.66,0.6483333333333333,0.0116666666666667,54,8,symmetry,548.3340018750168,True,False,133,independent_fallback,0.0,0.0,0,none,(),edge
D4,3,2,3,600,600,15,100,30,0.01,False,cpu,lightning.qubit,adjoint,paper,0.1,True,0.0,D4,1.9345056604094293,2.0083665332076,0.74,0.7,0.04,54,8,symmetry,549.5143329160055,True,False,131,independent_fallback,0.0,0.0,0,none,(),edge
D4,3,2,4,600,600,15,100,30,0.01,False,cpu,lightning.qubit,adjoint,paper,0.1,True,0.0,D4,1.9561156326300837,1.9777779359643477,0.7166666666666667,0.7183333333333334,-0.0016666666666667,54,8,symmetry,549.0858743750723,True,False,124,independent_fallback,0.0,0.0,0,none,(),edge
none,3,2,5,30,600,15,100,30,0.01,False,cpu,lightning.qubit,adjoint,paper,0.1,True,0.0,D4,0.8775009822937582,2.7647380763410707,1.0,0.43,0.5700000000000001,204,1,symmetry,1366.2385260001756,True,True,0,disjoint,0.0,0.0,0,none,(),edge
none,3,2,5,60,600,15,100,30,0.01,False,cpu,lightning.qubit,adjoint,paper,0.1,True,0.0,D4,1.1807176483676427,2.742277305526625,0.95,0.4733333333333333,0.4766666666666666,204,1,symmetry,1409.431293415837,True,True,0,disjoint,0.0,0.0,0,none,(),edge
none,3,2,5,120,600,15,100,30,0.01,False,cpu,lightning.qubit,adjoint,paper,0.1,True,0.0,D4,1.6591400281334163,2.4464133231843403,0.8333333333333334,0.5066666666666667,0.3266666666666666,204,1,symmetry,1141.385898792185,True,True,0,disjoint,0.0,0.0,0,none,(),edge
none,3,2,5,240,600,15,100,30,0.01,False,cpu,lightning.qubit,adjoint,paper,0.1,True,0.0,D4,1.8135287819608263,2.358528965483785,0.7708333333333334,0.545,0.2258333333333333,204,1,symmetry,1063.3943252922036,True,True,0,disjoint,0.0,0.0,0,none,(),edge
none,3,2,5,450,600,15,100,30,0.01,False,cpu,lightning.qubit,adjoint,paper,0.1,True,0.0,D4,2.0011139993989073,2.160242480085717,0.7088888888888889,0.6233333333333333,0.0855555555555556,204,1,symmetry,728.833773124963,True,False,94,independent_fallback,0.0,0.0,0,none,(),edge
none,3,2,0,600,600,15,100,30,0.01,False,cpu,lightning.qubit,adjoint,paper,0.1,True,0.0,D4,1.9964418050352235,2.126607952673767,0.695,0.6333333333333333,0.0616666666666666,204,1,symmetry,767.3803154169582,True,False,128,independent_fallback,0.0,0.0,0,none,(),edge
none,3,2,5,600,600,15,100,30,0.01,False,cpu,lightning.qubit,adjoint,paper,0.1,True,0.0,D4,2.0389574520145004,2.166080872150823,0.685,0.6366666666666667,0.0483333333333333,204,1,symmetry,763.2383791250177,True,False,128,independent_fallback,0.0,0.0,0,none,(),edge
Z2_rot180,3,2,5,30,600,15,100,30,0.01,False,cpu,lightning.qubit,adjoint,paper,0.1,True,0.0,D4,1.3537904912197285,2.6986259919026825,0.9666666666666668,0.4466666666666666,0.52,108,2,symmetry,733.171497750096,True,True,0,disjoint,0.0,0.0,0,none,(),edge
Z2_rot180,3,2,5,60,600,15,100,30,0.01,False,cpu,lightning.qubit,adjoint,paper,0.1,True,0.0,D4,1.502953653468842,2.505364091208353,0.9,0.5316666666666666,0.3683333333333334,108,2,symmetry,733.4752842076123,True,True,0,disjoint,0.0,0.0,0,none,(),edge
Z2_rot180,3,2,5,120,600,15,100,30,0.01,False,cpu,lightning.qubit,adjoint,paper,0.1,True,0.0,D4,1.8147112617470993,2.303371258456296,0.8,0.5666666666666667,0.2333333333333334,108,2,symmetry,738.1215196251869,True,True,0,disjoint,0.0,0.0,0,none,(),edge
Z2_rot180,3,2,5,240,600,15,100,30,0.01,False,cpu,lightning.qubit,adjoint,paper,0.1,True,0.0,D4,1.9463176405024991,2.205873383448595,0.7666666666666667,0.6333333333333333,0.1333333333333334,108,2,symmetry,738.2592606670223,True,True,0,disjoint,0.0,0.0,0,none,(),edge
Z2_rot180,3,2,5,450,600,15,100,30,0.01,False,cpu,lightning.qubit,adjoint,paper,0.1,True,0.0,D4,1.9849095808285755,2.0778623832171124,0.6977777777777778,0.655,0.0427777777777778,108,2,symmetry,731.9185890830122,True,False,94,independent_fallback,0.0,0.0,0,none,(),edge
Z2_rot180,3,2,0,600,600,15,100,30,0.01,False,cpu,lightning.qubit,adjoint,paper,0.1,True,0.0,D4,2.0322139477771106,2.1025289163957077,0.6866666666666666,0.6566666666666666,0.03,108,2,symmetry,739.0111425416544,True,False,128,independent_fallback,0.0,0.0,0,none,(),edge
Z2_rot180,3,2,5,600,600,15,100,30,0.01,False,cpu,lightning.qubit,adjoint,paper,0.1,True,0.0,D4,1.975721071994465,2.039316185096073,0.71,0.695,0.015,108,2,symmetry,740.58174399985,True,False,128,independent_fallback,0.0,0.0,0,none,(),edge
Z2_reflection,3,2,5,30,600,15,100,30,0.01,False,cpu,lightning.qubit,adjoint,paper,0.1,True,0.0,D4,1.1340239835948127,2.624545990029307,1.0,0.46,0.54,126,2,symmetry,743.9841886665672,True,True,0,disjoint,0.0,0.0,0,none,(),edge
Z2_reflection,3,2,5,60,600,15,100,30,0.01,False,cpu,lightning.qubit,adjoint,paper,0.1,True,0.0,D4,1.5037702244779514,2.5345370139937997,0.9166666666666666,0.5066666666666667,0.4099999999999999,126,2,symmetry,742.3815672919154,True,True,0,disjoint,0.0,0.0,0,none,(),edge
Z2_reflection,3,2,5,120,600,15,100,30,0.01,False,cpu,lightning.qubit,adjoint,paper,0.1,True,0.0,D4,1.7211081324701465,2.3531819034538457,0.8333333333333334,0.5616666666666666,0.2716666666666667,126,2,symmetry,730.567177707795,True,True,0,disjoint,0.0,0.0,0,none,(),edge
Z2_reflection,3,2,5,240,600,15,100,30,0.01,False,cpu,lightning.qubit,adjoint,paper,0.1,True,0.0,D4,1.9297525270964495,2.2492482464234356,0.7208333333333333,0.5616666666666666,0.1591666666666666,126,2,symmetry,734.2690189583227,True,True,0,disjoint,0.0,0.0,0,none,(),edge
Z2_reflection,3,2,5,450,600,15,100,30,0.01,False,cpu,lightning.qubit,adjoint,paper,0.1,True,0.0,D4,2.0206300713250367,2.101517998577871,0.6644444444444444,0.6266666666666667,0.0377777777777776,126,2,symmetry,745.0527977920137,True,False,94,independent_fallback,0.0,0.0,0,none,(),edge
Z2_reflection,3,2,0,600,600,15,100,30,0.01,False,cpu,lightning.qubit,adjoint,paper,0.1,True,0.0,D4,1.9352918058654465,2.0553682068979207,0.7033333333333334,0.6816666666666666,0.0216666666666667,126,2,symmetry,737.1301306667738,True,False,128,independent_fallback,0.0,0.0,0,none,(),edge
Z2_reflection,3,2,5,600,600,15,100,30,0.01,False,cpu,lightning.qubit,adjoint,paper,0.1,True,0.0,D4,2.0348272898177524,2.121438731795306,0.6816666666666666,0.625,0.0566666666666666,126,2,symmetry,743.6607302501798,True,False,128,independent_fallback,0.0,0.0,0,none,(),edge
C4,3,2,5,30,600,15,100,30,0.01,False,cpu,lightning.qubit,adjoint,paper,0.1,True,0.0,D4,1.52466726160746,2.189696162633351,0.9333333333333332,0.645,0.2883333333333333,60,4,symmetry,740.7267860840075,True,True,0,disjoint,0.0,0.0,0,none,(),edge
C4,3,2,5,60,600,15,100,30,0.01,False,cpu,lightning.qubit,adjoint,paper,0.1,True,0.0,D4,1.7154646074063786,2.304587316890658,0.8833333333333333,0.6133333333333333,0.27,60,4,symmetry,717.26466454193,True,True,0,disjoint,0.0,0.0,0,none,(),edge
C4,3,2,5,120,600,15,100,30,0.01,False,cpu,lightning.qubit,adjoint,paper,0.1,True,0.0,D4,1.7616051835537272,2.0206936187098306,0.8,0.655,0.145,60,4,symmetry,716.9298340417445,True,True,0,disjoint,0.0,0.0,0,none,(),edge
C4,3,2,5,240,600,15,100,30,0.01,False,cpu,lightning.qubit,adjoint,paper,0.1,True,0.0,D4,1.923679753371362,2.0123918063704265,0.6916666666666667,0.6733333333333333,0.0183333333333333,60,4,symmetry,719.8600145829841,True,True,0,disjoint,0.0,0.0,0,none,(),edge
C4,3,2,5,450,600,15,100,30,0.01,False,cpu,lightning.qubit,adjoint,paper,0.1,True,0.0,D4,1.948375530198266,1.988704646894225,0.7066666666666667,0.7116666666666667,-0.005,60,4,symmetry,725.4788803341798,True,False,94,independent_fallback,0.0,0.0,0,none,(),edge
C4,3,2,5,600,600,15,100,30,0.01,False,cpu,lightning.qubit,adjoint,paper,0.1,True,0.0,D4,1.9352226314477283,1.9578697223230768,0.7216666666666667,0.73,-0.0083333333333333,60,4,symmetry,729.6262697908096,True,False,128,independent_fallback,0.0,0.0,0,none,(),edge
D2_V4,3,2,5,30,600,15,100,30,0.01,False,cpu,lightning.qubit,adjoint,paper,0.1,True,0.0,D4,1.5191474554609223,2.6913860521635056,0.8666666666666667,0.41,0.4566666666666667,78,4,symmetry,737.1575146671385,True,True,0,disjoint,0.0,0.0,0,none,(),edge
D2_V4,3,2,5,60,600,15,100,30,0.01,False,cpu,lightning.qubit,adjoint,paper,0.1,True,0.0,D4,1.585772751912537,2.3963280286101507,0.9,0.6,0.3,78,4,symmetry,725.5556834163144,True,True,0,disjoint,0.0,0.0,0,none,(),edge
D2_V4,3,2,5,120,600,15,100,30,0.01,False,cpu,lightning.qubit,adjoint,paper,0.1,True,0.0,D4,1.8626524709265395,2.2570501943061645,0.775,0.6233333333333333,0.1516666666666667,78,4,symmetry,726.8900385000743,True,True,0,disjoint,0.0,0.0,0,none,(),edge
D2_V4,3,2,5,240,600,15,100,30,0.01,False,cpu,lightning.qubit,adjoint,paper,0.1,True,0.0,D4,1.9163865528404216,2.163732590608518,0.7416666666666667,0.62,0.1216666666666667,78,4,symmetry,735.0793550410308,True,True,0,disjoint,0.0,0.0,0,none,(),edge
D2_V4,3,2,5,450,600,15,100,30,0.01,False,cpu,lightning.qubit,adjoint,paper,0.1,True,0.0,D4,2.045349939793181,2.0694229717681947,0.7177777777777777,0.6916666666666667,0.026111111111111,78,4,symmetry,743.6936248750426,True,False,94,independent_fallback,0.0,0.0,0,none,(),edge
D2_V4,3,2,0,600,600,15,100,30,0.01,False,cpu,lightning.qubit,adjoint,paper,0.1,True,0.0,D4,1.9436745005233775,2.0192166773671634,0.6816666666666666,0.6666666666666666,0.015,78,4,symmetry,716.984797374811,True,False,128,independent_fallback,0.0,0.0,0,none,(),edge
D2_V4,3,2,5,600,600,15,100,30,0.01,False,cpu,lightning.qubit,adjoint,paper,0.1,True,0.0,D4,2.003404381343502,2.036696392324864,0.6633333333333333,0.6783333333333333,-0.015,78,4,symmetry,728.2510508750565,True,False,128,independent_fallback,0.0,0.0,0,none,(),edge
D4,3,2,5,30,600,15,100,30,0.01,False,cpu,lightning.qubit,adjoint,paper,0.1,True,0.0,D4,1.5095243228267108,2.2918150450668016,0.9,0.5933333333333334,0.3066666666666666,54,8,symmetry,721.4165115421638,True,True,0,disjoint,0.0,0.0,0,none,(),edge
D4,3,2,5,60,600,15,100,30,0.01,False,cpu,lightning.qubit,adjoint,paper,0.1,True,0.0,D4,1.759043349302032,2.258112979192271,0.8666666666666667,0.6383333333333333,0.2283333333333334,54,8,symmetry,727.824683832936,True,True,0,disjoint,0.0,0.0,0,none,(),edge
D4,3,2,5,120,600,15,100,30,0.01,False,cpu,lightning.qubit,adjoint,paper,0.1,True,0.0,D4,1.8768770707126103,2.074685709990975,0.75,0.6883333333333334,0.0616666666666666,54,8,symmetry,724.7916467906907,True,True,0,disjoint,0.0,0.0,0,none,(),edge
D4,3,2,5,240,600,15,100,30,0.01,False,cpu,lightning.qubit,adjoint,paper,0.1,True,0.0,D4,1.94918177516254,2.031523762491724,0.7166666666666667,0.6833333333333333,0.0333333333333333,54,8,symmetry,714.7207879996859,True,True,0,disjoint,0.0,0.0,0,none,(),edge
D4,3,2,5,450,600,15,100,30,0.01,False,cpu,lightning.qubit,adjoint,paper,0.1,True,0.0,D4,1.9870810729605672,2.0160610189966923,0.6977777777777778,0.675,0.0227777777777777,54,8,symmetry,729.1647054580972,True,False,94,independent_fallback,0.0,0.0,0,none,(),edge
D4,3,2,5,600,600,15,100,30,0.01,False,cpu,lightning.qubit,adjoint,paper,0.1,True,0.0,D4,2.0065456201320484,2.0300605096799216,0.7383333333333333,0.715,0.0233333333333333,54,8,symmetry,712.2264558337629,True,False,128,independent_fallback,0.0,0.0,0,none,(),edge
none,3,2,6,30,600,15,100,30,0.01,False,cpu,lightning.qubit,adjoint,paper,0.1,True,0.0,D4,0.8997923515746772,2.5027712603978447,1.0,0.495,0.505,204,1,symmetry,1366.7623674999925,True,True,0,disjoint,0.0,0.0,0,none,(),edge
none,3,2,6,60,600,15,100,30,0.01,False,cpu,lightning.qubit,adjoint,paper,0.1,True,0.0,D4,1.3147968248856046,2.5545366326146883,0.9333333333333332,0.465,0.4683333333333333,204,1,symmetry,1407.3579624169506,True,True,0,disjoint,0.0,0.0,0,none,(),edge
none,3,2,6,120,600,15,100,30,0.01,False,cpu,lightning.qubit,adjoint,paper,0.1,True,0.0,D4,1.548371629563477,2.419419578007897,0.85,0.4966666666666666,0.3533333333333333,204,1,symmetry,1138.89011987485,True,True,0,disjoint,0.0,0.0,0,none,(),edge
none,3,2,6,240,600,15,100,30,0.01,False,cpu,lightning.qubit,adjoint,paper,0.1,True,0.0,D4,1.793532241046722,2.383108244694463,0.7708333333333334,0.5316666666666666,0.2391666666666667,204,1,symmetry,1063.90841370821,True,True,0,disjoint,0.0,0.0,0,none,(),edge
none,3,2,6,450,600,15,100,30,0.01,False,cpu,lightning.qubit,adjoint,paper,0.1,True,0.0,D4,1.9115958438912313,2.1706749417717046,0.7266666666666667,0.5933333333333334,0.1333333333333333,204,1,symmetry,723.6167605831288,True,False,93,independent_fallback,0.0,0.0,0,none,(),edge
none,3,2,1,600,600,15,100,30,0.01,False,cpu,lightning.qubit,adjoint,paper,0.1,True,0.0,D4,2.002061282480037,2.157233805466338,0.67,0.63,0.04,204,1,symmetry,763.5098127918318,True,False,122,independent_fallback,0.0,0.0,0,none,(),edge
none,3,2,6,600,600,15,100,30,0.01,False,cpu,lightning.qubit,adjoint,paper,0.1,True,0.0,D4,1.9778831916408155,2.194873440624842,0.7033333333333334,0.5833333333333334,0.12,204,1,symmetry,756.9384779171087,True,False,130,independent_fallback,0.0,0.0,0,none,(),edge
Z2_rot180,3,2,6,30,600,15,100,30,0.01,False,cpu,lightning.qubit,adjoint,paper,0.1,True,0.0,D4,1.201191502858575,2.466339291401717,0.9666666666666668,0.495,0.4716666666666667,108,2,symmetry,729.2324861655943,True,True,0,disjoint,0.0,0.0,0,none,(),edge
Z2_rot180,3,2,6,60,600,15,100,30,0.01,False,cpu,lightning.qubit,adjoint,paper,0.1,True,0.0,D4,1.592438911115624,2.402054490655224,0.8166666666666667,0.5066666666666667,0.3099999999999999,108,2,symmetry,731.0832515829243,True,True,0,disjoint,0.0,0.0,0,none,(),edge
Z2_rot180,3,2,6,120,600,15,100,30,0.01,False,cpu,lightning.qubit,adjoint,paper,0.1,True,0.0,D4,1.7399731399658305,2.2973267586140076,0.7833333333333333,0.5666666666666667,0.2166666666666666,108,2,symmetry,733.6972663751803,True,True,0,disjoint,0.0,0.0,0,none,(),edge
Z2_rot180,3,2,6,240,600,15,100,30,0.01,False,cpu,lightning.qubit,adjoint,paper,0.1,True,0.0,D4,1.921434750503038,2.2313212844995935,0.7541666666666667,0.595,0.1591666666666666,108,2,symmetry,733.8129421249032,True,True,0,disjoint,0.0,0.0,0,none,(),edge
Z2_rot180,3,2,6,450,600,15,100,30,0.01,False,cpu,lightning.qubit,adjoint,paper,0.1,True,0.0,D4,1.9910736066760657,2.1285515371428794,0.7022222222222222,0.615,0.0872222222222222,108,2,symmetry,729.0041463747621,True,False,93,independent_fallback,0.0,0.0,0,none,(),edge
Z2_rot180,3,2,1,600,600,15,100,30,0.01,False,cpu,lightning.qubit,adjoint,paper,0.1,True,0.0,D4,1.9624452813304232,1.9897433510653135,0.69,0.67,0.0199999999999999,108,2,symmetry,734.6857405831106,True,False,122,independent_fallback,0.0,0.0,0,none,(),edge
Z2_rot180,3,2,6,600,600,15,100,30,0.01,False,cpu,lightning.qubit,adjoint,paper,0.1,True,0.0,D4,2.053124278194589,2.1867116932265156,0.6633333333333333,0.585,0.0783333333333333,108,2,symmetry,736.9909542920068,True,False,130,independent_fallback,0.0,0.0,0,none,(),edge
Z2_reflection,3,2,6,30,600,15,100,30,0.01,False,cpu,lightning.qubit,adjoint,paper,0.1,True,0.0,D4,1.210686886647892,2.686980345453629,0.9666666666666668,0.4483333333333333,0.5183333333333333,126,2,symmetry,740.5394599586725,True,True,0,disjoint,0.0,0.0,0,none,(),edge
Z2_reflection,3,2,6,60,600,15,100,30,0.01,False,cpu,lightning.qubit,adjoint,paper,0.1,True,0.0,D4,1.4969192040428865,2.3612344543895567,0.8833333333333333,0.55,0.3333333333333332,126,2,symmetry,737.8496927078813,True,True,0,disjoint,0.0,0.0,0,none,(),edge
Z2_reflection,3,2,6,120,600,15,100,30,0.01,False,cpu,lightning.qubit,adjoint,paper,0.1,True,0.0,D4,1.723718300731203,2.3075957107469245,0.7833333333333333,0.555,0.2283333333333332,126,2,symmetry,730.6770440409891,True,True,0,disjoint,0.0,0.0,0,none,(),edge
Z2_reflection,3,2,6,240,600,15,100,30,0.01,False,cpu,lightning.qubit,adjoint,paper,0.1,True,0.0,D4,1.829265798120836,2.320878466837992,0.7875,0.5416666666666666,0.2458333333333333,126,2,symmetry,729.0226862081327,True,True,0,disjoint,0.0,0.0,0,none,(),edge
Z2_reflection,3,2,6,450,600,15,100,30,0.01,False,cpu,lightning.qubit,adjoint,paper,0.1,True,0.0,D4,1.906974445969866,2.111716766994266,0.7066666666666667,0.615,0.0916666666666666,126,2,symmetry,739.0133785000071,True,False,93,independent_fallback,0.0,0.0,0,none,(),edge
Z2_reflection,3,2,1,600,600,15,100,30,0.01,False,cpu,lightning.qubit,adjoint,paper,0.1,True,0.0,D4,1.9741201966542832,2.0437101061609972,0.6733333333333333,0.6583333333333333,0.015,126,2,symmetry,737.254565667361,True,False,122,independent_fallback,0.0,0.0,0,none,(),edge
Z2_reflection,3,2,6,600,600,15,100,30,0.01,False,cpu,lightning.qubit,adjoint,paper,0.1,True,0.0,D4,1.9611394599656329,2.1737009041763167,0.715,0.5983333333333334,0.1166666666666665,126,2,symmetry,738.5225149998441,True,False,130,independent_fallback,0.0,0.0,0,none,(),edge
C4,3,2,6,30,600,15,100,30,0.01,False,cpu,lightning.qubit,adjoint,paper,0.1,True,0.0,D4,1.5997144607254448,2.222092968278159,0.8333333333333334,0.6,0.2333333333333334,60,4,symmetry,739.9404175002128,True,True,0,disjoint,0.0,0.0,0,none,(),edge
C4,3,2,6,60,600,15,100,30,0.01,False,cpu,lightning.qubit,adjoint,paper,0.1,True,0.0,D4,1.7111061303501676,2.093482628903115,0.85,0.6466666666666666,0.2033333333333333,60,4,symmetry,712.6680649584159,True,True,0,disjoint,0.0,0.0,0,none,(),edge
C4,3,2,6,120,600,15,100,30,0.01,False,cpu,lightning.qubit,adjoint,paper,0.1,True,0.0,D4,1.7932546072398543,2.067541539130042,0.725,0.6716666666666666,0.0533333333333333,60,4,symmetry,717.3628334170207,True,True,0,disjoint,0.0,0.0,0,none,(),edge
C4,3,2,6,240,600,15,100,30,0.01,False,cpu,lightning.qubit,adjoint,paper,0.1,True,0.0,D4,1.8613827111883468,2.011741049830938,0.7708333333333334,0.6916666666666667,0.0791666666666667,60,4,symmetry,718.0710452087224,True,True,0,disjoint,0.0,0.0,0,none,(),edge
C4,3,2,6,450,600,15,100,30,0.01,False,cpu,lightning.qubit,adjoint,paper,0.1,True,0.0,D4,1.892302181394394,2.00347731996334,0.7377777777777778,0.6966666666666667,0.0411111111111111,60,4,symmetry,723.2469977498986,True,False,93,independent_fallback,0.0,0.0,0,none,(),edge
C4,3,2,6,600,600,15,100,30,0.01,False,cpu,lightning.qubit,adjoint,paper,0.1,True,0.0,D4,1.943125518155325,2.0400059588162556,0.7416666666666667,0.6983333333333334,0.0433333333333333,60,4,symmetry,728.79142375011,True,False,130,independent_fallback,0.0,0.0,0,none,(),edge
D2_V4,3,2,6,30,600,15,100,30,0.01,False,cpu,lightning.qubit,adjoint,paper,0.1,True,0.0,D4,1.4240549070606776,2.4693031998967583,0.9,0.5,0.4,78,4,symmetry,731.5418492089957,True,True,0,disjoint,0.0,0.0,0,none,(),edge
D2_V4,3,2,6,60,600,15,100,30,0.01,False,cpu,lightning.qubit,adjoint,paper,0.1,True,0.0,D4,1.6308557686896552,2.221655061636858,0.8666666666666667,0.59,0.2766666666666667,78,4,symmetry,724.3939019171521,True,True,0,disjoint,0.0,0.0,0,none,(),edge
D2_V4,3,2,6,120,600,15,100,30,0.01,False,cpu,lightning.qubit,adjoint,paper,0.1,True,0.0,D4,1.774503640733328,2.2675738963320993,0.775,0.575,0.2,78,4,symmetry,725.110818374902,True,True,0,disjoint,0.0,0.0,0,none,(),edge
D2_V4,3,2,6,240,600,15,100,30,0.01,False,cpu,lightning.qubit,adjoint,paper,0.1,True,0.0,D4,1.8183566964246631,2.0329665161336745,0.7666666666666667,0.6766666666666666,0.09,78,4,symmetry,729.2609945000149,True,True,0,disjoint,0.0,0.0,0,none,(),edge
D2_V4,3,2,6,450,600,15,100,30,0.01,False,cpu,lightning.qubit,adjoint,paper,0.1,True,0.0,D4,1.932373941169288,2.057965571826436,0.7422222222222222,0.6683333333333333,0.0738888888888888,78,4,symmetry,740.785389082972,True,False,93,independent_fallback,0.0,0.0,0,none,(),edge
D2_V4,3,2,1,600,600,15,100,30,0.01,False,cpu,lightning.qubit,adjoint,paper,0.1,True,0.0,D4,2.021358468508714,2.049040526957021,0.665,0.67,-0.005,78,4,symmetry,719.2292546662502,True,False,122,independent_fallback,0.0,0.0,0,none,(),edge
D2_V4,3,2,6,600,600,15,100,30,0.01,False,cpu,lightning.qubit,adjoint,paper,0.1,True,0.0,D4,1.9546247616696284,2.0847069726236875,0.765,0.6833333333333333,0.0816666666666666,78,4,symmetry,725.3413525838405,True,False,130,independent_fallback,0.0,0.0,0,none,(),edge
D4,3,2,6,30,600,15,100,30,0.01,False,cpu,lightning.qubit,adjoint,paper,0.1,True,0.0,D4,1.689748920764094,2.23969479512619,0.7333333333333333,0.555,0.1783333333333332,54,8,symmetry,719.9936314160004,True,True,0,disjoint,0.0,0.0,0,none,(),edge
D4,3,2,6,60,600,15,100,30,0.01,False,cpu,lightning.qubit,adjoint,paper,0.1,True,0.0,D4,1.887622455973932,2.1827211095092944,0.7166666666666667,0.5583333333333333,0.1583333333333333,54,8,symmetry,723.0248373751529,True,True,0,disjoint,0.0,0.0,0,none,(),edge
D4,3,2,6,120,600,15,100,30,0.01,False,cpu,lightning.qubit,adjoint,paper,0.1,True,0.0,D4,1.8356596866305603,2.0901729399142672,0.7083333333333334,0.5966666666666667,0.1116666666666666,54,8,symmetry,723.6083202082664,True,True,0,disjoint,0.0,0.0,0,none,(),edge
D4,3,2,6,240,600,15,100,30,0.01,False,cpu,lightning.qubit,adjoint,paper,0.1,True,0.0,D4,1.965422833912723,2.1326142748157317,0.675,0.5883333333333334,0.0866666666666666,54,8,symmetry,716.4719484169036,True,True,0,disjoint,0.0,0.0,0,none,(),edge
D4,3,2,6,450,600,15,100,30,0.01,False,cpu,lightning.qubit,adjoint,paper,0.1,True,0.0,D4,1.8883417784701009,2.012239340382105,0.7333333333333333,0.645,0.0883333333333332,54,8,symmetry,725.2352243340574,True,False,93,independent_fallback,0.0,0.0,0,none,(),edge
D4,3,2,6,600,600,15,100,30,0.01,False,cpu,lightning.qubit,adjoint,paper,0.1,True,0.0,D4,1.9315724237148095,2.0232112719677455,0.6966666666666667,0.63,0.0666666666666666,54,8,symmetry,725.8910904577933,True,False,130,independent_fallback,0.0,0.0,0,none,(),edge
none,3,2,7,30,600,15,100,30,0.01,False,cpu,lightning.qubit,adjoint,paper,0.1,True,0.0,D4,0.6754601298923918,3.0015367079959447,1.0,0.4033333333333333,0.5966666666666667,204,1,symmetry,1372.7904135840945,True,True,0,disjoint,0.0,0.0,0,none,(),edge
none,3,2,7,60,600,15,100,30,0.01,False,cpu,lightning.qubit,adjoint,paper,0.1,True,0.0,D4,1.134391978961886,2.697792751145102,0.9833333333333332,0.4666666666666667,0.5166666666666666,204,1,symmetry,1417.8731879997067,True,True,0,disjoint,0.0,0.0,0,none,(),edge
none,3,2,7,120,600,15,100,30,0.01,False,cpu,lightning.qubit,adjoint,paper,0.1,True,0.0,D4,1.4993033367412394,2.578332664462807,0.875,0.4766666666666667,0.3983333333333333,204,1,symmetry,1140.7238471661694,True,True,0,disjoint,0.0,0.0,0,none,(),edge
none,3,2,7,240,600,15,100,30,0.01,False,cpu,lightning.qubit,adjoint,paper,0.1,True,0.0,D4,1.7173609545280493,2.3386436346664503,0.7875,0.5483333333333333,0.2391666666666666,204,1,symmetry,1062.3652488747612,True,True,0,disjoint,0.0,0.0,0,none,(),edge
none,3,2,7,450,600,15,100,30,0.01,False,cpu,lightning.qubit,adjoint,paper,0.1,True,0.0,D4,1.9046144700862304,2.1256359838145458,0.7244444444444444,0.6083333333333333,0.1161111111111111,204,1,symmetry,729.6602229997516,True,False,104,independent_fallback,0.0,0.0,0,none,(),edge
none,3,2,2,600,600,15,100,30,0.01,False,cpu,lightning.qubit,adjoint,paper,0.1,True,0.0,D4,2.0035399498212043,2.1300294832068984,0.685,0.6216666666666667,0.0633333333333333,204,1,symmetry,768.1226609167643,True,False,133,independent_fallback,0.0,0.0,0,none,(),edge
none,3,2,7,600,600,15,100,30,0.01,False,cpu,lightning.qubit,adjoint,paper,0.1,True,0.0,D4,1.9524077632721468,2.1349158922265934,0.7133333333333334,0.6216666666666667,0.0916666666666666,204,1,symmetry,764.2610935000703,True,False,135,independent_fallback,0.0,0.0,0,none,(),edge
Z2_rot180,3,2,7,30,600,15,100,30,0.01,False,cpu,lightning.qubit,adjoint,paper,0.1,True,0.0,D4,1.107980732776198,2.6083289452296223,0.9333333333333332,0.4616666666666666,0.4716666666666667,108,2,symmetry,735.7425497081131,True,True,0,disjoint,0.0,0.0,0,none,(),edge
Z2_rot180,3,2,7,60,600,15,100,30,0.01,False,cpu,lightning.qubit,adjoint,paper,0.1,True,0.0,D4,1.5454106521276925,2.474614063041465,0.9166666666666666,0.495,0.4216666666666666,108,2,symmetry,736.7529997075908,True,True,0,disjoint,0.0,0.0,0,none,(),edge
Z2_rot180,3,2,7,120,600,15,100,30,0.01,False,cpu,lightning.qubit,adjoint,paper,0.1,True,0.0,D4,1.8234683604194568,2.2396565131843476,0.7916666666666666,0.6066666666666667,0.1849999999999999,108,2,symmetry,738.8382735420018,True,True,0,disjoint,0.0,0.0,0,none,(),edge
Z2_rot180,3,2,7,240,600,15,100,30,0.01,False,cpu,lightning.qubit,adjoint,paper,0.1,True,0.0,D4,1.87616118842405,2.2020950140498674,0.7208333333333333,0.6316666666666667,0.0891666666666666,108,2,symmetry,739.5815691249445,True,True,0,disjoint,0.0,0.0,0,none,(),edge
Z2_rot180,3,2,7,450,600,15,100,30,0.01,False,cpu,lightning.qubit,adjoint,paper,0.1,True,0.0,D4,1.963604968284144,2.1141012190980644,0.7288888888888889,0.65,0.0788888888888889,108,2,symmetry,734.3308650841936,True,False,104,independent_fallback,0.0,0.0,0,none,(),edge
Z2_rot180,3,2,2,600,600,15,100,30,0.01,False,cpu,lightning.qubit,adjoint,paper,0.1,True,0.0,D4,2.00375618692267,2.0578115580996363,0.6866666666666666,0.6566666666666666,0.03,108,2,symmetry,740.1830175002106,True,False,133,independent_fallback,0.0,0.0,0,none,(),edge
Z2_rot180,3,2,7,600,600,15,100,30,0.01,False,cpu,lightning.qubit,adjoint,paper,0.1,True,0.0,D4,1.9791680066524509,2.088924210266108,0.7066666666666667,0.6566666666666666,0.05,108,2,symmetry,742.4287199997343,True,False,135,independent_fallback,0.0,0.0,0,none,(),edge
Z2_reflection,3,2,7,30,600,15,100,30,0.01,False,cpu,lightning.qubit,adjoint,paper,0.1,True,0.0,D4,0.8168939979184142,2.678500435941314,1.0,0.4616666666666666,0.5383333333333333,126,2,symmetry,743.6101967077702,True,True,0,disjoint,0.0,0.0,0,none,(),edge
Z2_reflection,3,2,7,60,600,15,100,30,0.01,False,cpu,lightning.qubit,adjoint,paper,0.1,True,0.0,D4,1.448654386642547,2.5399354111329475,0.8833333333333333,0.5016666666666667,0.3816666666666666,126,2,symmetry,743.594571958296,True,True,0,disjoint,0.0,0.0,0,none,(),edge
Z2_reflection,3,2,7,120,600,15,100,30,0.01,False,cpu,lightning.qubit,adjoint,paper,0.1,True,0.0,D4,1.678053441080453,2.417850286112494,0.7916666666666666,0.5316666666666666,0.26,126,2,symmetry,731.245438083075,True,True,0,disjoint,0.0,0.0,0,none,(),edge
Z2_reflection,3,2,7,240,600,15,100,30,0.01,False,cpu,lightning.qubit,adjoint,paper,0.1,True,0.0,D4,1.8293453881539723,2.241479259079898,0.7541666666666667,0.6016666666666667,0.1524999999999999,126,2,symmetry,735.9105314579792,True,True,0,disjoint,0.0,0.0,0,none,(),edge
Z2_reflection,3,2,7,450,600,15,100,30,0.01,False,cpu,lightning.qubit,adjoint,paper,0.1,True,0.0,D4,1.9376987790615623,2.083769363569155,0.7111111111111111,0.6283333333333333,0.0827777777777778,126,2,symmetry,747.1144017917104,True,False,104,independent_fallback,0.0,0.0,0,none,(),edge
Z2_reflection,3,2,2,600,600,15,100,30,0.01,False,cpu,lightning.qubit,adjoint,paper,0.1,True,0.0,D4,1.9362602698556264,1.9825566822356753,0.715,0.7,0.015,126,2,symmetry,741.9112677918747,True,False,133,independent_fallback,0.0,0.0,0,none,(),edge
Z2_reflection,3,2,7,600,600,15,100,30,0.01,False,cpu,lightning.qubit,adjoint,paper,0.1,True,0.0,D4,1.9124079314578428,2.0343581254094767,0.745,0.675,0.0699999999999999,126,2,symmetry,741.6749827922322,True,False,135,independent_fallback,0.0,0.0,0,none,(),edge
C4,3,2,7,30,600,15,100,30,0.01,False,cpu,lightning.qubit,adjoint,paper,0.1,True,0.0,D4,1.506752574887795,2.3725675644371775,0.9333333333333332,0.575,0.3583333333333334,60,4,symmetry,741.8958640410565,True,True,0,disjoint,0.0,0.0,0,none,(),edge
C4,3,2,7,60,600,15,100,30,0.01,False,cpu,lightning.qubit,adjoint,paper,0.1,True,0.0,D4,1.619420413823902,2.3190887453790174,0.8333333333333334,0.5216666666666666,0.3116666666666667,60,4,symmetry,719.6443904577754,True,True,0,disjoint,0.0,0.0,0,none,(),edge
C4,3,2,7,120,600,15,100,30,0.01,False,cpu,lightning.qubit,adjoint,paper,0.1,True,0.0,D4,1.7772544516391722,2.023750022963823,0.8,0.69,0.1100000000000001,60,4,symmetry,717.5867494577542,True,True,0,disjoint,0.0,0.0,0,none,(),edge
C4,3,2,7,240,600,15,100,30,0.01,False,cpu,lightning.qubit,adjoint,paper,0.1,True,0.0,D4,1.8281469430094783,2.042246487329846,0.7791666666666667,0.6783333333333333,0.1008333333333333,60,4,symmetry,722.5204941253178,True,True,0,disjoint,0.0,0.0,0,none,(),edge
C4,3,2,7,450,600,15,100,30,0.01,False,cpu,lightning.qubit,adjoint,paper,0.1,True,0.0,D4,1.9701622087018364,2.0492546703027914,0.7222222222222222,0.6666666666666666,0.0555555555555555,60,4,symmetry,727.1764903748408,True,False,104,independent_fallback,0.0,0.0,0,none,(),edge
C4,3,2,7,600,600,15,100,30,0.01,False,cpu,lightning.qubit,adjoint,paper,0.1,True,0.0,D4,1.8970125456429163,1.9861509277292475,0.7466666666666667,0.7083333333333334,0.0383333333333333,60,4,symmetry,732.6986663751304,True,False,135,independent_fallback,0.0,0.0,0,none,(),edge
D2_V4,3,2,7,30,600,15,100,30,0.01,False,cpu,lightning.qubit,adjoint,paper,0.1,True,0.0,D4,1.1957622418338127,2.4016126884633557,0.9666666666666668,0.5716666666666667,0.395,78,4,symmetry,735.6243718340993,True,True,0,disjoint,0.0,0.0,0,none,(),edge
D2_V4,3,2,7,60,600,15,100,30,0.01,False,cpu,lightning.qubit,adjoint,paper,0.1,True,0.0,D4,1.6323287352004825,2.323606099163976,0.85,0.5583333333333333,0.2916666666666666,78,4,symmetry,729.0651974170469,True,True,0,disjoint,0.0,0.0,0,none,(),edge
D2_V4,3,2,7,120,600,15,100,30,0.01,False,cpu,lightning.qubit,adjoint,paper,0.1,True,0.0,D4,1.8124022904139443,2.164845629026793,0.7666666666666667,0.6033333333333334,0.1633333333333333,78,4,symmetry,728.5641259583645,True,True,0,disjoint,0.0,0.0,0,none,(),edge
D2_V4,3,2,7,240,600,15,100,30,0.01,False,cpu,lightning.qubit,adjoint,paper,0.1,True,0.0,D4,1.7919998532692707,2.123031065796452,0.7875,0.6633333333333333,0.1241666666666666,78,4,symmetry,737.0784005420282,True,True,0,disjoint,0.0,0.0,0,none,(),edge
D2_V4,3,2,7,450,600,15,100,30,0.01,False,cpu,lightning.qubit,adjoint,paper,0.1,True,0.0,D4,1.9254976560343149,2.0241905080201965,0.72,0.6583333333333333,0.0616666666666666,78,4,symmetry,743.9510317090899,True,False,104,independent_fallback,0.0,0.0,0,none,(),edge
D2_V4,3,2,2,600,600,15,100,30,0.01,False,cpu,lightning.qubit,adjoint,paper,0.1,True,0.0,D4,2.003249153809561,2.01405858831479,0.7016666666666667,0.685,0.0166666666666666,78,4,symmetry,717.7458327501081,True,False,133,independent_fallback,0.0,0.0,0,none,(),edge
D2_V4,3,2,7,600,600,15,100,30,0.01,False,cpu,lightning.qubit,adjoint,paper,0.1,True,0.0,D4,1.9218243364414251,2.031964447160218,0.7266666666666667,0.6633333333333333,0.0633333333333333,78,4,symmetry,731.2547505833209,True,False,135,independent_fallback,0.0,0.0,0,none,(),edge
D4,3,2,7,30,600,15,100,30,0.01,False,cpu,lightning.qubit,adjoint,paper,0.1,True,0.0,D4,1.3028400979072117,2.538238716895734,0.9,0.4816666666666667,0.4183333333333333,54,8,symmetry,724.2514909589663,True,True,0,disjoint,0.0,0.0,0,none,(),edge
D4,3,2,7,60,600,15,100,30,0.01,False,cpu,lightning.qubit,adjoint,paper,0.1,True,0.0,D4,1.8052374746181852,2.2641515549658333,0.7666666666666667,0.5583333333333333,0.2083333333333333,54,8,symmetry,727.6829436668195,True,True,0,disjoint,0.0,0.0,0,none,(),edge
D4,3,2,7,120,600,15,100,30,0.01,False,cpu,lightning.qubit,adjoint,paper,0.1,True,0.0,D4,1.85640940481352,2.087338605463254,0.725,0.6816666666666666,0.0433333333333333,54,8,symmetry,727.4096362921409,True,True,0,disjoint,0.0,0.0,0,none,(),edge
D4,3,2,7,240,600,15,100,30,0.01,False,cpu,lightning.qubit,adjoint,paper,0.1,True,0.0,D4,1.833356243378809,2.020465613839652,0.7875,0.7383333333333333,0.0491666666666666,54,8,symmetry,716.5151470000856,True,True,0,disjoint,0.0,0.0,0,none,(),edge
D4,3,2,7,450,600,15,100,30,0.01,False,cpu,lightning.qubit,adjoint,paper,0.1,True,0.0,D4,1.8889904448211716,1.9223416486373328,0.7888888888888889,0.75,0.0388888888888888,54,8,symmetry,732.6937570408918,True,False,104,independent_fallback,0.0,0.0,0,none,(),edge
D4,3,2,7,600,600,15,100,30,0.01,False,cpu,lightning.qubit,adjoint,paper,0.1,True,0.0,D4,1.9245490640178533,1.9802265855412733,0.7316666666666667,0.6883333333333334,0.0433333333333333,54,8,symmetry,698.4579092501663,True,False,135,independent_fallback,0.0,0.0,0,none,(),edge
none,3,2,8,30,600,15,100,30,0.01,False,cpu,lightning.qubit,adjoint,paper,0.1,True,0.0,D4,0.8311130621437589,2.742165650196921,0.9666666666666668,0.4383333333333333,0.5283333333333333,204,1,symmetry,1366.8634800408036,True,True,0,disjoint,0.0,0.0,0,none,(),edge
none,3,2,8,60,600,15,100,30,0.01,False,cpu,lightning.qubit,adjoint,paper,0.1,True,0.0,D4,1.1869716456726398,2.6674196696223467,0.9833333333333332,0.4266666666666667,0.5566666666666666,204,1,symmetry,1410.928918832913,True,True,0,disjoint,0.0,0.0,0,none,(),edge
none,3,2,8,120,600,15,100,30,0.01,False,cpu,lightning.qubit,adjoint,paper,0.1,True,0.0,D4,1.6077815168195906,2.323924759282986,0.8666666666666667,0.5566666666666666,0.31,204,1,symmetry,1138.708688333165,True,True,0,disjoint,0.0,0.0,0,none,(),edge
none,3,2,8,240,600,15,100,30,0.01,False,cpu,lightning.qubit,adjoint,paper,0.1,True,0.0,D4,1.8662926622593752,2.3576955949886336,0.725,0.5233333333333333,0.2016666666666666,204,1,symmetry,1063.657079833094,True,True,0,disjoint,0.0,0.0,0,none,(),edge
none,3,2,8,450,600,15,100,30,0.01,False,cpu,lightning.qubit,adjoint,paper,0.1,True,0.0,D4,1.9383672672306749,2.182565706488242,0.7355555555555555,0.5916666666666667,0.1438888888888888,204,1,symmetry,730.7998914588243,True,False,98,independent_fallback,0.0,0.0,0,none,(),edge
none,3,2,3,600,600,15,100,30,0.01,False,cpu,lightning.qubit,adjoint,paper,0.1,True,0.0,D4,1.9733373545366777,2.127365564957688,0.7133333333333334,0.6583333333333333,0.055,204,1,symmetry,769.5367196672596,True,False,131,independent_fallback,0.0,0.0,0,none,(),edge
none,3,2,8,600,600,15,100,30,0.01,False,cpu,lightning.qubit,adjoint,paper,0.1,True,0.0,D4,1.945971660354704,2.0657536289841,0.685,0.6333333333333333,0.0516666666666667,204,1,symmetry,765.7753120833077,True,False,134,independent_fallback,0.0,0.0,0,none,(),edge
Z2_rot180,3,2,8,30,600,15,100,30,0.01,False,cpu,lightning.qubit,adjoint,paper,0.1,True,0.0,D4,1.1314380095602312,2.58135156106652,0.9666666666666668,0.4516666666666666,0.515,108,2,symmetry,733.637228500098,True,True,0,disjoint,0.0,0.0,0,none,(),edge
Z2_rot180,3,2,8,60,600,15,100,30,0.01,False,cpu,lightning.qubit,adjoint,paper,0.1,True,0.0,D4,1.512373532495176,2.364909845555452,0.8333333333333334,0.5483333333333333,0.285,108,2,symmetry,734.648432417307,True,True,0,disjoint,0.0,0.0,0,none,(),edge
Z2_rot180,3,2,8,120,600,15,100,30,0.01,False,cpu,lightning.qubit,adjoint,paper,0.1,True,0.0,D4,1.7136207691194154,2.261883642614563,0.7916666666666666,0.5816666666666667,0.2099999999999999,108,2,symmetry,738.6816997076385,True,True,0,disjoint,0.0,0.0,0,none,(),edge
Z2_rot180,3,2,8,240,600,15,100,30,0.01,False,cpu,lightning.qubit,adjoint,paper,0.1,True,0.0,D4,1.919413715397488,2.2513096243122006,0.6875,0.5616666666666666,0.1258333333333333,108,2,symmetry,740.9814051669091,True,True,0,disjoint,0.0,0.0,0,none,(),edge
Z2_rot180,3,2,8,450,600,15,100,30,0.01,False,cpu,lightning.qubit,adjoint,paper,0.1,True,0.0,D4,1.9148940578906448,2.044678821878158,0.7088888888888889,0.64,0.0688888888888888,108,2,symmetry,735.7183942915872,True,False,98,independent_fallback,0.0,0.0,0,none,(),edge
Z2_rot180,3,2,3,600,600,15,100,30,0.01,False,cpu,lightning.qubit,adjoint,paper,0.1,True,0.0,D4,2.021754626870937,2.1155302708386663,0.705,0.6716666666666666,0.0333333333333333,108,2,symmetry,740.8883052919991,True,False,131,independent_fallback,0.0,0.0,0,none,(),edge
Z2_rot180,3,2,8,600,600,15,100,30,0.01,False,cpu,lightning.qubit,adjoint,paper,0.1,True,0.0,D4,1.9529011718441385,1.98691425657776,0.705,0.6983333333333334,0.0066666666666665,108,2,symmetry,744.3408073750325,True,False,134,independent_fallback,0.0,0.0,0,none,(),edge
Z2_reflection,3,2,8,30,600,15,100,30,0.01,False,cpu,lightning.qubit,adjoint,paper,0.1,True,0.0,D4,1.0489006460267791,2.613503160903581,0.9666666666666668,0.4833333333333333,0.4833333333333333,126,2,symmetry,744.3207971672527,True,True,0,disjoint,0.0,0.0,0,none,(),edge
Z2_reflection,3,2,8,60,600,15,100,30,0.01,False,cpu,lightning.qubit,adjoint,paper,0.1,True,0.0,D4,1.4794429366536523,2.3846035438281623,0.8833333333333333,0.53,0.3533333333333333,126,2,symmetry,744.3298624577001,True,True,0,disjoint,0.0,0.0,0,none,(),edge
Z2_reflection,3,2,8,120,600,15,100,30,0.01,False,cpu,lightning.qubit,adjoint,paper,0.1,True,0.0,D4,1.6396672333943825,2.2965414361858425,0.8333333333333334,0.5466666666666666,0.2866666666666667,126,2,symmetry,733.1009599156678,True,True,0,disjoint,0.0,0.0,0,none,(),edge
Z2_reflection,3,2,8,240,600,15,100,30,0.01,False,cpu,lightning.qubit,adjoint,paper,0.1,True,0.0,D4,1.8647443820486829,2.1627185940662095,0.7083333333333334,0.6166666666666667,0.0916666666666666,126,2,symmetry,736.909364333842,True,True,0,disjoint,0.0,0.0,0,none,(),edge
Z2_reflection,3,2,8,450,600,15,100,30,0.01,False,cpu,lightning.qubit,adjoint,paper,0.1,True,0.0,D4,1.953908147047989,2.0900701699262614,0.6711111111111111,0.6283333333333333,0.0427777777777778,126,2,symmetry,747.0130564160645,True,False,98,independent_fallback,0.0,0.0,0,none,(),edge
Z2_reflection,3,2,3,600,600,15,100,30,0.01,False,cpu,lightning.qubit,adjoint,paper,0.1,True,0.0,D4,1.894003221348966,1.9650251327911064,0.7583333333333333,0.7333333333333333,0.025,126,2,symmetry,742.6903055408038,True,False,131,independent_fallback,0.0,0.0,0,none,(),edge
Z2_reflection,3,2,8,600,600,15,100,30,0.01,False,cpu,lightning.qubit,adjoint,paper,0.1,True,0.0,D4,2.010991175343535,2.0874875481604582,0.6766666666666666,0.6433333333333333,0.0333333333333333,126,2,symmetry,742.8040744168684,True,False,134,independent_fallback,0.0,0.0,0,none,(),edge
C4,3,2,8,30,600,15,100,30,0.01,False,cpu,lightning.qubit,adjoint,paper,0.1,True,0.0,D4,1.2783548408433736,2.4961139177187217,0.9333333333333332,0.485,0.4483333333333333,60,4,symmetry,742.6234517497942,True,True,0,disjoint,0.0,0.0,0,none,(),edge
C4,3,2,8,60,600,15,100,30,0.01,False,cpu,lightning.qubit,adjoint,paper,0.1,True,0.0,D4,1.7237259568591483,2.3766727161887413,0.8333333333333334,0.5366666666666666,0.2966666666666667,60,4,symmetry,718.3015905828215,True,True,0,disjoint,0.0,0.0,0,none,(),edge
C4,3,2,8,120,600,15,100,30,0.01,False,cpu,lightning.qubit,adjoint,paper,0.1,True,0.0,D4,1.863838789622791,2.24440943397393,0.775,0.6116666666666667,0.1633333333333333,60,4,symmetry,718.6995219169185,True,True,0,disjoint,0.0,0.0,0,none,(),edge
C4,3,2,8,240,600,15,100,30,0.01,False,cpu,lightning.qubit,adjoint,paper,0.1,True,0.0,D4,1.9266586005856443,2.1494810790879484,0.725,0.6283333333333333,0.0966666666666666,60,4,symmetry,724.3768469169736,True,True,0,disjoint,0.0,0.0,0,none,(),edge
C4,3,2,8,450,600,15,100,30,0.01,False,cpu,lightning.qubit,adjoint,paper,0.1,True,0.0,D4,1.9996486147650092,2.0685802189223956,0.7177777777777777,0.645,0.0727777777777777,60,4,symmetry,728.8451236248948,True,False,98,independent_fallback,0.0,0.0,0,none,(),edge
C4,3,2,8,600,600,15,100,30,0.01,False,cpu,lightning.qubit,adjoint,paper,0.1,True,0.0,D4,2.0418422757912835,2.033043438911436,0.6733333333333333,0.675,-0.0016666666666667,60,4,symmetry,733.3436038340442,True,False,134,independent_fallback,0.0,0.0,0,none,(),edge
D2_V4,3,2,8,30,600,15,100,30,0.01,False,cpu,lightning.qubit,adjoint,paper,0.1,True,0.0,D4,1.2718100838467434,2.5193754533395727,0.9,0.4783333333333333,0.4216666666666667,78,4,symmetry,735.5072972918861,True,True,0,disjoint,0.0,0.0,0,none,(),edge
D2_V4,3,2,8,60,600,15,100,30,0.01,False,cpu,lightning.qubit,adjoint,paper,0.1,True,0.0,D4,1.5903732630945906,2.337172613791804,0.7666666666666667,0.545,0.2216666666666666,78,4,symmetry,728.1939879576676,True,True,0,disjoint,0.0,0.0,0,none,(),edge
D2_V4,3,2,8,120,600,15,100,30,0.01,False,cpu,lightning.qubit,adjoint,paper,0.1,True,0.0,D4,1.6968257147385937,2.225770016269529,0.725,0.5666666666666667,0.1583333333333333,78,4,symmetry,728.2275804579258,True,True,0,disjoint,0.0,0.0,0,none,(),edge
D2_V4,3,2,8,240,600,15,100,30,0.01,False,cpu,lightning.qubit,adjoint,paper,0.1,True,0.0,D4,1.9444385860506443,2.149061094190557,0.7041666666666667,0.615,0.0891666666666667,78,4,symmetry,740.9788094167598,True,True,0,disjoint,0.0,0.0,0,none,(),edge
D2_V4,3,2,8,450,600,15,100,30,0.01,False,cpu,lightning.qubit,adjoint,paper,0.1,True,0.0,D4,1.9697850281848583,2.08414870693917,0.7222222222222222,0.705,0.0172222222222222,78,4,symmetry,742.5504387919791,True,False,98,independent_fallback,0.0,0.0,0,none,(),edge
D2_V4,3,2,3,600,600,15,100,30,0.01,False,cpu,lightning.qubit,adjoint,paper,0.1,True,0.0,D4,2.0938692461848363,2.134383520879038,0.6833333333333333,0.6733333333333333,0.01,78,4,symmetry,719.3971064169891,True,False,131,independent_fallback,0.0,0.0,0,none,(),edge
D2_V4,3,2,8,600,600,15,100,30,0.01,False,cpu,lightning.qubit,adjoint,paper,0.1,True,0.0,D4,1.9745106286913576,1.9865976413711277,0.6933333333333334,0.6866666666666666,0.0066666666666667,78,4,symmetry,732.028572042007,True,False,134,independent_fallback,0.0,0.0,0,none,(),edge
D4,3,2,8,30,600,15,100,30,0.01,False,cpu,lightning.qubit,adjoint,paper,0.1,True,0.0,D4,1.44818181360998,2.375008939420273,0.8666666666666667,0.55,0.3166666666666666,54,8,symmetry,724.5829719589092,True,True,0,disjoint,0.0,0.0,0,none,(),edge
D4,3,2,8,60,600,15,100,30,0.01,False,cpu,lightning.qubit,adjoint,paper,0.1,True,0.0,D4,1.5833131975546668,2.1929058220829094,0.8333333333333334,0.6166666666666667,0.2166666666666666,54,8,symmetry,730.7009143750183,True,True,0,disjoint,0.0,0.0,0,none,(),edge
D4,3,2,8,120,600,15,100,30,0.01,False,cpu,lightning.qubit,adjoint,paper,0.1,True,0.0,D4,1.8039712724147043,2.0967793962117183,0.775,0.68,0.0949999999999999,54,8,symmetry,725.7621588329785,True,True,0,disjoint,0.0,0.0,0,none,(),edge
D4,3,2,8,240,600,15,100,30,0.01,False,cpu,lightning.qubit,adjoint,paper,0.1,True,0.0,D4,1.9759224772350965,2.132954940220126,0.7666666666666667,0.6983333333333334,0.0683333333333333,54,8,symmetry,715.5001598750241,True,True,0,disjoint,0.0,0.0,0,none,(),edge
D4,3,2,8,450,600,15,100,30,0.01,False,cpu,lightning.qubit,adjoint,paper,0.1,True,0.0,D4,2.0048083707760056,2.1070047211713256,0.7088888888888889,0.6566666666666666,0.0522222222222222,54,8,symmetry,733.3519072919153,True,False,98,independent_fallback,0.0,0.0,0,none,(),edge
D4,3,2,8,600,600,15,100,30,0.01,False,cpu,lightning.qubit,adjoint,paper,0.1,True,0.0,D4,1.9808695956018187,1.9808700868135136,0.6916666666666667,0.67,0.0216666666666666,54,8,symmetry,691.0862931245938,True,False,134,independent_fallback,0.0,0.0,0,none,(),edge
none,3,2,9,30,600,15,100,30,0.01,False,cpu,lightning.qubit,adjoint,paper,0.1,True,0.0,D4,0.8517344264196928,2.702126402125687,1.0,0.455,0.5449999999999999,204,1,symmetry,1366.6404016250744,True,True,0,disjoint,0.0,0.0,0,none,(),edge
none,3,2,9,60,600,15,100,30,0.01,False,cpu,lightning.qubit,adjoint,paper,0.1,True,0.0,D4,1.264129114761808,2.473200041642237,0.9833333333333332,0.5133333333333333,0.47,204,1,symmetry,1410.9790113326162,True,True,0,disjoint,0.0,0.0,0,none,(),edge
none,3,2,9,120,600,15,100,30,0.01,False,cpu,lightning.qubit,adjoint,paper,0.1,True,0.0,D4,1.6317595911197311,2.4412566512389717,0.8666666666666667,0.5066666666666667,0.36,204,1,symmetry,1139.5881042499095,True,True,0,disjoint,0.0,0.0,0,none,(),edge
none,3,2,9,240,600,15,100,30,0.01,False,cpu,lightning.qubit,adjoint,paper,0.1,True,0.0,D4,1.8420432892913303,2.3246643485979512,0.8083333333333333,0.555,0.2533333333333333,204,1,symmetry,1063.052975084167,True,True,0,disjoint,0.0,0.0,0,none,(),edge
none,3,2,9,450,600,15,100,30,0.01,False,cpu,lightning.qubit,adjoint,paper,0.1,True,0.0,D4,1.9645675247826797,2.2011116119966467,0.7,0.6066666666666667,0.0933333333333332,204,1,symmetry,729.4981015003286,True,False,93,independent_fallback,0.0,0.0,0,none,(),edge
none,3,2,4,600,600,15,100,30,0.01,False,cpu,lightning.qubit,adjoint,paper,0.1,True,0.0,D4,2.005824622627135,2.117921957104433,0.7183333333333334,0.645,0.0733333333333333,204,1,symmetry,767.5725947921164,True,False,124,independent_fallback,0.0,0.0,0,none,(),edge
none,3,2,9,600,600,15,100,30,0.01,False,cpu,lightning.qubit,adjoint,paper,0.1,True,0.0,D4,1.969796816341937,2.2146370241491415,0.6983333333333334,0.6033333333333334,0.0949999999999999,204,1,symmetry,764.0850954167545,True,False,127,independent_fallback,0.0,0.0,0,none,(),edge
Z2_rot180,3,2,9,30,600,15,100,30,0.01,False,cpu,lightning.qubit,adjoint,paper,0.1,True,0.0,D4,1.104504504192509,2.5722907235643104,0.9333333333333332,0.4766666666666667,0.4566666666666666,108,2,symmetry,735.0666202502325,True,True,0,disjoint,0.0,0.0,0,none,(),edge
Z2_rot180,3,2,9,60,600,15,100,30,0.01,False,cpu,lightning.qubit,adjoint,paper,0.1,True,0.0,D4,1.3624510962654566,2.306780946599837,0.8833333333333333,0.585,0.2983333333333333,108,2,symmetry,733.6238853749819,True,True,0,disjoint,0.0,0.0,0,none,(),edge
Z2_rot180,3,2,9,120,600,15,100,30,0.01,False,cpu,lightning.qubit,adjoint,paper,0.1,True,0.0,D4,1.897278155885867,2.309380504656258,0.75,0.5633333333333334,0.1866666666666666,108,2,symmetry,738.1173491668887,True,True,0,disjoint,0.0,0.0,0,none,(),edge
Z2_rot180,3,2,9,240,600,15,100,30,0.01,False,cpu,lightning.qubit,adjoint,paper,0.1,True,0.0,D4,1.917727830188015,2.252905125592152,0.7541666666666667,0.5833333333333334,0.1708333333333332,108,2,symmetry,738.6106456667185,True,True,0,disjoint,0.0,0.0,0,none,(),edge
Z2_rot180,3,2,9,450,600,15,100,30,0.01,False,cpu,lightning.qubit,adjoint,paper,0.1,True,0.0,D4,1.9674162645393916,2.1362942464531756,0.7133333333333334,0.665,0.0483333333333333,108,2,symmetry,733.5814204174094,True,False,93,independent_fallback,0.0,0.0,0,none,(),edge
Z2_rot180,3,2,4,600,600,15,100,30,0.01,False,cpu,lightning.qubit,adjoint,paper,0.1,True,0.0,D4,2.00638768783714,2.095489853291652,0.7266666666666667,0.705,0.0216666666666667,108,2,symmetry,739.5684055415913,True,False,124,independent_fallback,0.0,0.0,0,none,(),edge
Z2_rot180,3,2,9,600,600,15,100,30,0.01,False,cpu,lightning.qubit,adjoint,paper,0.1,True,0.0,D4,2.0025016208171005,2.1135573485967147,0.7066666666666667,0.6766666666666666,0.03,108,2,symmetry,743.6553973746486,True,False,127,independent_fallback,0.0,0.0,0,none,(),edge
Z2_reflection,3,2,9,30,600,15,100,30,0.01,False,cpu,lightning.qubit,adjoint,paper,0.1,True,0.0,D4,1.0592884187572662,2.602387669271831,0.9666666666666668,0.4666666666666667,0.5,126,2,symmetry,743.9697698750533,True,True,0,disjoint,0.0,0.0,0,none,(),edge
Z2_reflection,3,2,9,60,600,15,100,30,0.01,False,cpu,lightning.qubit,adjoint,paper,0.1,True,0.0,D4,1.3968659144067352,2.420519935025515,0.9166666666666666,0.5383333333333333,0.3783333333333333,126,2,symmetry,744.6201994162984,True,True,0,disjoint,0.0,0.0,0,none,(),edge
Z2_reflection,3,2,9,120,600,15,100,30,0.01,False,cpu,lightning.qubit,adjoint,paper,0.1,True,0.0,D4,1.7389581759138688,2.2557076510783833,0.7916666666666666,0.5833333333333334,0.2083333333333332,126,2,symmetry,731.5865563750267,True,True,0,disjoint,0.0,0.0,0,none,(),edge
Z2_reflection,3,2,9,240,600,15,100,30,0.01,False,cpu,lightning.qubit,adjoint,paper,0.1,True,0.0,D4,1.9010449195268937,2.2138980494173537,0.7458333333333333,0.625,0.1208333333333333,126,2,symmetry,734.844898709096,True,True,0,disjoint,0.0,0.0,0,none,(),edge
Z2_reflection,3,2,9,450,600,15,100,30,0.01,False,cpu,lightning.qubit,adjoint,paper,0.1,True,0.0,D4,1.904456049458396,2.0260246157618353,0.7155555555555555,0.6533333333333333,0.0622222222222221,126,2,symmetry,745.5168154160492,True,False,93,independent_fallback,0.0,0.0,0,none,(),edge
Z2_reflection,3,2,4,600,600,15,100,30,0.01,False,cpu,lightning.qubit,adjoint,paper,0.1,True,0.0,D4,1.96233623901868,2.0054751087307787,0.7083333333333334,0.705,0.0033333333333334,126,2,symmetry,740.1167762503028,True,False,124,independent_fallback,0.0,0.0,0,none,(),edge
Z2_reflection,3,2,9,600,600,15,100,30,0.01,False,cpu,lightning.qubit,adjoint,paper,0.1,True,0.0,D4,1.93946935282922,2.047581105915928,0.725,0.6866666666666666,0.0383333333333333,126,2,symmetry,741.5693753329106,True,False,127,independent_fallback,0.0,0.0,0,none,(),edge
C4,3,2,9,30,600,15,100,30,0.01,False,cpu,lightning.qubit,adjoint,paper,0.1,True,0.0,D4,1.4481899154782758,2.655789437076656,0.8666666666666667,0.4516666666666666,0.415,60,4,symmetry,741.4810266657732,True,True,0,disjoint,0.0,0.0,0,none,(),edge
C4,3,2,9,60,600,15,100,30,0.01,False,cpu,lightning.qubit,adjoint,paper,0.1,True,0.0,D4,1.7257570883487183,2.2592631597535995,0.75,0.5716666666666667,0.1783333333333333,60,4,symmetry,718.6922481250949,True,True,0,disjoint,0.0,0.0,0,none,(),edge
C4,3,2,9,120,600,15,100,30,0.01,False,cpu,lightning.qubit,adjoint,paper,0.1,True,0.0,D4,1.852131643857833,2.220811013985024,0.7333333333333333,0.5766666666666667,0.1566666666666666,60,4,symmetry,717.8928813748062,True,True,0,disjoint,0.0,0.0,0,none,(),edge
C4,3,2,9,240,600,15,100,30,0.01,False,cpu,lightning.qubit,adjoint,paper,0.1,True,0.0,D4,1.9458914997553511,2.1310306553225513,0.7375,0.6183333333333333,0.1191666666666667,60,4,symmetry,720.9596994998865,True,True,0,disjoint,0.0,0.0,0,none,(),edge
C4,3,2,9,450,600,15,100,30,0.01,False,cpu,lightning.qubit,adjoint,paper,0.1,True,0.0,D4,1.9593386929448813,2.02448042850605,0.6933333333333334,0.6933333333333334,0.0,60,4,symmetry,728.4835912911221,True,False,93,independent_fallback,0.0,0.0,0,none,(),edge
C4,3,2,9,600,600,15,100,30,0.01,False,cpu,lightning.qubit,adjoint,paper,0.1,True,0.0,D4,1.9909034810966189,2.02938926460358,0.7483333333333333,0.7533333333333333,-0.005,60,4,symmetry,734.2511459998786,True,False,127,independent_fallback,0.0,0.0,0,none,(),edge
D2_V4,3,2,9,30,600,15,100,30,0.01,False,cpu,lightning.qubit,adjoint,paper,0.1,True,0.0,D4,1.2981363802454182,2.4150972824049486,0.9,0.53,0.37,78,4,symmetry,735.1580108338967,True,True,0,disjoint,0.0,0.0,0,none,(),edge
D2_V4,3,2,9,60,600,15,100,30,0.01,False,cpu,lightning.qubit,adjoint,paper,0.1,True,0.0,D4,1.5180073368868263,2.305996046034676,0.8333333333333334,0.5583333333333333,0.275,78,4,symmetry,726.779454167001,True,True,0,disjoint,0.0,0.0,0,none,(),edge
D2_V4,3,2,9,120,600,15,100,30,0.01,False,cpu,lightning.qubit,adjoint,paper,0.1,True,0.0,D4,1.8230466853706968,2.1297413318995577,0.775,0.6083333333333333,0.1666666666666667,78,4,symmetry,726.8517866251059,True,True,0,disjoint,0.0,0.0,0,none,(),edge
D2_V4,3,2,9,240,600,15,100,30,0.01,False,cpu,lightning.qubit,adjoint,paper,0.1,True,0.0,D4,1.9491114234352656,2.17131023358759,0.7208333333333333,0.6166666666666667,0.1041666666666666,78,4,symmetry,736.764863666147,True,True,0,disjoint,0.0,0.0,0,none,(),edge
D2_V4,3,2,9,450,600,15,100,30,0.01,False,cpu,lightning.qubit,adjoint,paper,0.1,True,0.0,D4,1.9585963459072824,2.0166983218247725,0.7111111111111111,0.7,0.0111111111111111,78,4,symmetry,747.160849750042,True,False,93,independent_fallback,0.0,0.0,0,none,(),edge
D2_V4,3,2,4,600,600,15,100,30,0.01,False,cpu,lightning.qubit,adjoint,paper,0.1,True,0.0,D4,2.0181543422190424,2.0365730394622332,0.6916666666666667,0.6833333333333333,0.0083333333333333,78,4,symmetry,717.7377050002106,True,False,124,independent_fallback,0.0,0.0,0,none,(),edge
D2_V4,3,2,9,600,600,15,100,30,0.01,False,cpu,lightning.qubit,adjoint,paper,0.1,True,0.0,D4,1.922451677909626,2.011208971978826,0.7316666666666667,0.6883333333333334,0.0433333333333333,78,4,symmetry,730.9350494588725,True,False,127,independent_fallback,0.0,0.0,0,none,(),edge
D4,3,2,9,30,600,15,100,30,0.01,False,cpu,lightning.qubit,adjoint,paper,0.1,True,0.0,D4,1.5438602506045134,2.5568373368647728,0.8666666666666667,0.4883333333333333,0.3783333333333333,54,8,symmetry,724.3377825841308,True,True,0,disjoint,0.0,0.0,0,none,(),edge
D4,3,2,9,60,600,15,100,30,0.01,False,cpu,lightning.qubit,adjoint,paper,0.1,True,0.0,D4,1.5481133581644215,2.24132134260399,0.8333333333333334,0.6016666666666667,0.2316666666666667,54,8,symmetry,727.0700971670449,True,True,0,disjoint,0.0,0.0,0,none,(),edge
D4,3,2,9,120,600,15,100,30,0.01,False,cpu,lightning.qubit,adjoint,paper,0.1,True,0.0,D4,1.8739359553655544,2.1398660937185823,0.725,0.6283333333333333,0.0966666666666666,54,8,symmetry,724.9143534591421,True,True,0,disjoint,0.0,0.0,0,none,(),edge
D4,3,2,9,240,600,15,100,30,0.01,False,cpu,lightning.qubit,adjoint,paper,0.1,True,0.0,D4,1.944136406770892,2.1354056151471363,0.725,0.6416666666666667,0.0833333333333332,54,8,symmetry,713.8929614578374,True,True,0,disjoint,0.0,0.0,0,none,(),edge
D4,3,2,9,450,600,15,100,30,0.01,False,cpu,lightning.qubit,adjoint,paper,0.1,True,0.0,D4,1.9958238974134197,2.0444899415452618,0.72,0.695,0.025,54,8,symmetry,731.9898924590088,True,False,93,independent_fallback,0.0,0.0,0,none,(),edge
D4,3,2,9,600,600,15,100,30,0.01,False,cpu,lightning.qubit,adjoint,paper,0.1,True,0.0,D4,1.9442391922234412,2.0138443792384955,0.695,0.6716666666666666,0.0233333333333333,54,8,symmetry,703.5963260000572,True,False,127,independent_fallback,0.0,0.0,0,none,(),edge
