subgroup,L,p,seed,train_size,test_size,batch_size,epochs,steps_per_epoch,lr,random_sharing,device,pl_device,diff_method,single_qubit_block,circuit_family,init_scale,allow_overlap_if_needed,epsilon,broken_K,train_loss,test_loss,train_accuracy,test_accuracy,generalization_gap,num_parameters,subgroup_order,sharing_type,elapsed_seconds,requested_disjoint,actual_disjoint,overlap_count,split_mode,requested_epsilon,actual_epsilon,corrupted_orbit_count,corruption_mode,corrupted_orbit_indices
C4,3,2,0,450,600,15,100,30,0.01,False,cpu,lightning.qubit,adjoint,paper,edge_line_zzz_ccrz,0.1,True,0.0,D4,1.881073569821964,1.923539688038042,0.7666666666666667,0.7416666666666667,0.025,96,4,symmetry,1354.2920097501485,True,False,97,independent_fallback,0.0,0.0,0,none,()
C4,3,2,1,450,600,15,100,30,0.01,False,cpu,lightning.qubit,adjoint,paper,edge_line_zzz_ccrz,0.1,True,0.0,D4,1.816090904944783,1.8725274604138835,0.7755555555555556,0.7516666666666667,0.0238888888888888,96,4,symmetry,1344.1892239579463,True,False,92,independent_fallback,0.0,0.0,0,none,()
C4,3,2,2,450,600,15,100,30,0.01,False,cpu,lightning.qubit,adjoint,paper,edge_line_zzz_ccrz,0.1,True,0.0,D4,1.8665837360765307,1.8571677120139172,0.7733333333333333,0.775,-0.0016666666666667,96,4,symmetry,1345.4647504170423,True,False,96,independent_fallback,0.0,0.0,0,none,()
C4,3,2,3,450,600,15,100,30,0.01,False,cpu,lightning.qubit,adjoint,paper,edge_line_zzz_ccrz,0.1,True,0.0,D4,1.817354786949815,1.874208304133895,0.7755555555555556,0.7666666666666667,0.0088888888888888,96,4,symmetry,1343.1853068750352,True,False,103,independent_fallback,0.0,0.0,0,none,()
C4,3,2,4,450,600,15,100,30,0.01,False,cpu,lightning.qubit,adjoint,paper,edge_line_zzz_ccrz,0.1,True,0.0,D4,1.81150011097836,1.8794510403211175,0.76,0.695,0.065,96,4,symmetry,1345.6605835841035,True,False,91,independent_fallback,0.0,0.0,0,none,()
C4,3,2,0,600,600,15,100,30,0.01,False,cpu,lightning.qubit,adjoint,paper,edge_line_zzz_ccrz,0.1,True,0.0,D4,1.7869503746529434,1.8521087675223664,0.8316666666666667,0.7883333333333333,0.0433333333333333,96,4,symmetry,1346.7104139169678,True,False,128,independent_fallback,0.0,0.0,0,none,()
C4,3,2,1,600,600,15,100,30,0.01,False,cpu,lightning.qubit,adjoint,paper,edge_line_zzz_ccrz,0.1,True,0.0,D4,1.7990252340876718,1.8383102651436811,0.8233333333333334,0.7933333333333333,0.03,96,4,symmetry,1351.9859302500265,True,False,122,independent_fallback,0.0,0.0,0,none,()
C4,3,2,2,600,600,15,100,30,0.01,False,cpu,lightning.qubit,adjoint,paper,edge_line_zzz_ccrz,0.1,True,0.0,D4,1.7732444772096396,1.7786367089247994,0.8,0.7783333333333333,0.0216666666666667,96,4,symmetry,1347.0096808751114,True,False,133,independent_fallback,0.0,0.0,0,none,()
C4,3,2,3,600,600,15,100,30,0.01,False,cpu,lightning.qubit,adjoint,paper,edge_line_zzz_ccrz,0.1,True,0.0,D4,1.7783645771228196,1.865762496605181,0.8016666666666666,0.7733333333333333,0.0283333333333333,96,4,symmetry,1351.1150992910843,True,False,131,independent_fallback,0.0,0.0,0,none,()
C4,3,2,4,600,600,15,100,30,0.01,False,cpu,lightning.qubit,adjoint,paper,edge_line_zzz_ccrz,0.1,True,0.0,D4,1.8647265443696477,1.8927696597211496,0.77,0.7566666666666667,0.0133333333333333,96,4,symmetry,1347.5172645000275,True,False,124,independent_fallback,0.0,0.0,0,none,()
D4,3,2,0,450,600,15,100,30,0.01,False,cpu,lightning.qubit,adjoint,paper,edge_line_zzz_ccrz,0.1,True,0.0,D4,1.803291082242354,1.844810890371992,0.7977777777777778,0.7866666666666666,0.0111111111111111,90,8,symmetry,1345.1012321249582,True,False,97,independent_fallback,0.0,0.0,0,none,()
D4,3,2,1,450,600,15,100,30,0.01,False,cpu,lightning.qubit,adjoint,paper,edge_line_zzz_ccrz,0.1,True,0.0,D4,1.750954060259812,1.8015284820411464,0.8177777777777778,0.78,0.0377777777777778,90,8,symmetry,1345.7810857919976,True,False,92,independent_fallback,0.0,0.0,0,none,()
D4,3,2,2,450,600,15,100,30,0.01,False,cpu,lightning.qubit,adjoint,paper,edge_line_zzz_ccrz,0.1,True,0.0,D4,1.8758010977373865,1.852361432858723,0.7844444444444445,0.785,-0.0005555555555555,90,8,symmetry,1345.2175472909585,True,False,96,independent_fallback,0.0,0.0,0,none,()
D4,3,2,3,450,600,15,100,30,0.01,False,cpu,lightning.qubit,adjoint,paper,edge_line_zzz_ccrz,0.1,True,0.0,D4,1.6938385526189017,1.751344334560818,0.8088888888888889,0.8,0.0088888888888888,90,8,symmetry,1345.985614415957,True,False,103,independent_fallback,0.0,0.0,0,none,()
D4,3,2,4,450,600,15,100,30,0.01,False,cpu,lightning.qubit,adjoint,paper,edge_line_zzz_ccrz,0.1,True,0.0,D4,1.7763244366248283,1.8517645718730111,0.8644444444444445,0.825,0.0394444444444445,90,8,symmetry,1346.2359476669226,True,False,91,independent_fallback,0.0,0.0,0,none,()
D4,3,2,0,600,600,15,100,30,0.01,False,cpu,lightning.qubit,adjoint,paper,edge_line_zzz_ccrz,0.1,True,0.0,D4,1.853650006838061,1.879914758438525,0.7883333333333333,0.7933333333333333,-0.005,90,8,symmetry,1350.1915341671556,True,False,128,independent_fallback,0.0,0.0,0,none,()
D4,3,2,1,600,600,15,100,30,0.01,False,cpu,lightning.qubit,adjoint,paper,edge_line_zzz_ccrz,0.1,True,0.0,D4,1.8142866184824713,1.8056218199767764,0.7866666666666666,0.785,0.0016666666666665,90,8,symmetry,1347.7056695411447,True,False,122,independent_fallback,0.0,0.0,0,none,()
D4,3,2,2,600,600,15,100,30,0.01,False,cpu,lightning.qubit,adjoint,paper,edge_line_zzz_ccrz,0.1,True,0.0,D4,1.7174744820141885,1.7033674287161056,0.8383333333333334,0.84,-0.0016666666666665,90,8,symmetry,1352.0918968340848,True,False,133,independent_fallback,0.0,0.0,0,none,()
D4,3,2,3,600,600,15,100,30,0.01,False,cpu,lightning.qubit,adjoint,paper,edge_line_zzz_ccrz,0.1,True,0.0,D4,1.840105951452127,1.911507727380841,0.8416666666666667,0.7983333333333333,0.0433333333333333,90,8,symmetry,1350.5624512499198,True,False,131,independent_fallback,0.0,0.0,0,none,()
D4,3,2,4,600,600,15,100,30,0.01,False,cpu,lightning.qubit,adjoint,paper,edge_line_zzz_ccrz,0.1,True,0.0,D4,1.809904476649853,1.8332410146894615,0.8233333333333334,0.8083333333333333,0.015,90,8,symmetry,1342.581873124931,True,False,124,independent_fallback,0.0,0.0,0,none,()
C4,3,2,0,30,600,15,100,30,0.01,False,cpu,lightning.qubit,adjoint,paper,edge_line_zzz_ccrz,0.1,True,0.0,D4,1.320206975609961,2.1656582661827617,0.8666666666666667,0.6,0.2666666666666667,96,4,symmetry,1812.7250411249695,True,True,0,disjoint,0.0,0.0,0,none,()
C4,3,2,5,30,600,15,100,30,0.01,False,cpu,lightning.qubit,adjoint,paper,edge_line_zzz_ccrz,0.1,True,0.0,D4,1.3747421108582865,2.431164166477059,0.9666666666666668,0.5516666666666666,0.415,96,4,symmetry,1814.086213374976,True,True,0,disjoint,0.0,0.0,0,none,()
C4,3,2,0,60,600,15,100,30,0.01,False,cpu,lightning.qubit,adjoint,paper,edge_line_zzz_ccrz,0.1,True,0.0,D4,1.5064362201778994,2.1364497770561317,0.8833333333333333,0.6333333333333333,0.25,96,4,symmetry,1800.2889279164374,True,True,0,disjoint,0.0,0.0,0,none,()
C4,3,2,5,60,600,15,100,30,0.01,False,cpu,lightning.qubit,adjoint,paper,edge_line_zzz_ccrz,0.1,True,0.0,D4,1.4513828624758314,2.1810730073915994,0.9166666666666666,0.6333333333333333,0.2833333333333333,96,4,symmetry,1817.6347240000032,True,True,0,disjoint,0.0,0.0,0,none,()
C4,3,2,0,120,600,15,100,30,0.01,False,cpu,lightning.qubit,adjoint,paper,edge_line_zzz_ccrz,0.1,True,0.0,D4,1.673579043368266,1.93200592241356,0.7916666666666666,0.6883333333333334,0.1033333333333332,96,4,symmetry,2100.24624304194,True,True,0,disjoint,0.0,0.0,0,none,()
C4,3,2,5,120,600,15,100,30,0.01,False,cpu,lightning.qubit,adjoint,paper,edge_line_zzz_ccrz,0.1,True,0.0,D4,1.651873912556195,1.94378637125016,0.825,0.715,0.1099999999999999,96,4,symmetry,2910.5426040831953,True,True,0,disjoint,0.0,0.0,0,none,()
C4,3,2,0,240,600,15,100,30,0.01,False,cpu,lightning.qubit,adjoint,paper,edge_line_zzz_ccrz,0.1,True,0.0,D4,1.7972828762854072,1.8935543265765915,0.8,0.7366666666666667,0.0633333333333333,96,4,symmetry,3546.5447299582884,True,True,0,disjoint,0.0,0.0,0,none,()
C4,3,2,5,240,600,15,100,30,0.01,False,cpu,lightning.qubit,adjoint,paper,edge_line_zzz_ccrz,0.1,True,0.0,D4,1.762055784647823,1.9222484173983476,0.7958333333333333,0.7633333333333333,0.0324999999999999,96,4,symmetry,4874.810774041805,True,True,0,disjoint,0.0,0.0,0,none,()
C4,3,2,5,450,600,15,100,30,0.01,False,cpu,lightning.qubit,adjoint,paper,edge_line_zzz_ccrz,0.1,True,0.0,D4,1.8127337933711811,1.8536286039008116,0.78,0.7633333333333333,0.0166666666666667,96,4,symmetry,1955.5446148328483,True,False,94,independent_fallback,0.0,0.0,0,none,()
C4,3,2,5,600,600,15,100,30,0.01,False,cpu,lightning.qubit,adjoint,paper,edge_line_zzz_ccrz,0.1,True,0.0,D4,1.8313930463428216,1.8385524588636617,0.7683333333333333,0.7833333333333333,-0.015,96,4,symmetry,1760.344249332789,True,False,128,independent_fallback,0.0,0.0,0,none,()
D4,3,2,0,30,600,15,100,30,0.01,False,cpu,lightning.qubit,adjoint,paper,edge_line_zzz_ccrz,0.1,True,0.0,D4,1.3523046543366608,2.0769678777005782,0.9,0.6033333333333334,0.2966666666666666,90,8,symmetry,2085.3351492499933,True,True,0,disjoint,0.0,0.0,0,none,()
D4,3,2,5,30,600,15,100,30,0.01,False,cpu,lightning.qubit,adjoint,paper,edge_line_zzz_ccrz,0.1,True,0.0,D4,1.319235447060169,2.26381641031147,0.9666666666666668,0.575,0.3916666666666667,90,8,symmetry,1729.3431761660613,True,True,0,disjoint,0.0,0.0,0,none,()
D4,3,2,0,60,600,15,100,30,0.01,False,cpu,lightning.qubit,adjoint,paper,edge_line_zzz_ccrz,0.1,True,0.0,D4,1.4283966819885028,1.9991289736695197,0.8666666666666667,0.67,0.1966666666666666,90,8,symmetry,1696.644681707956,True,True,0,disjoint,0.0,0.0,0,none,()
D4,3,2,5,60,600,15,100,30,0.01,False,cpu,lightning.qubit,adjoint,paper,edge_line_zzz_ccrz,0.1,True,0.0,D4,1.4834745688764348,2.199272956357616,0.8833333333333333,0.6066666666666667,0.2766666666666666,90,8,symmetry,1783.3784671667963,True,True,0,disjoint,0.0,0.0,0,none,()
D4,3,2,0,120,600,15,100,30,0.01,False,cpu,lightning.qubit,adjoint,paper,edge_line_zzz_ccrz,0.1,True,0.0,D4,1.5647704471238806,1.825730568026097,0.85,0.7433333333333333,0.1066666666666666,90,8,symmetry,2178.368512207642,True,True,0,disjoint,0.0,0.0,0,none,()
D4,3,2,5,120,600,15,100,30,0.01,False,cpu,lightning.qubit,adjoint,paper,edge_line_zzz_ccrz,0.1,True,0.0,D4,1.735126744387117,2.014375242972835,0.825,0.7316666666666667,0.0933333333333332,90,8,symmetry,3239.2008942076936,True,True,0,disjoint,0.0,0.0,0,none,()
D4,3,2,0,240,600,15,100,30,0.01,False,cpu,lightning.qubit,adjoint,paper,edge_line_zzz_ccrz,0.1,True,0.0,D4,1.793102130235836,1.8639762223882856,0.7625,0.7266666666666667,0.0358333333333332,90,8,symmetry,4482.111906833015,True,True,0,disjoint,0.0,0.0,0,none,()
D4,3,2,5,240,600,15,100,30,0.01,False,cpu,lightning.qubit,adjoint,paper,edge_line_zzz_ccrz,0.1,True,0.0,D4,1.7974524994229408,1.897744354573271,0.7791666666666667,0.755,0.0241666666666666,90,8,symmetry,3188.1839891248383,True,True,0,disjoint,0.0,0.0,0,none,()
D4,3,2,5,450,600,15,100,30,0.01,False,cpu,lightning.qubit,adjoint,paper,edge_line_zzz_ccrz,0.1,True,0.0,D4,1.8079154097304309,1.8376378727402167,0.7933333333333333,0.7933333333333333,0.0,90,8,symmetry,2586.295483541675,True,False,94,independent_fallback,0.0,0.0,0,none,()
D4,3,2,5,600,600,15,100,30,0.01,False,cpu,lightning.qubit,adjoint,paper,edge_line_zzz_ccrz,0.1,True,0.0,D4,1.7525503662993855,1.796641942958931,0.805,0.805,0.0,90,8,symmetry,1907.412201249972,True,False,128,independent_fallback,0.0,0.0,0,none,()
C4,3,2,1,30,600,15,100,30,0.01,False,cpu,lightning.qubit,adjoint,paper,edge_line_zzz_ccrz,0.1,True,0.0,D4,1.0028081344228152,2.6185046525752695,1.0,0.5166666666666667,0.4833333333333333,96,4,symmetry,1808.7506908746436,True,True,0,disjoint,0.0,0.0,0,none,()
C4,3,2,6,30,600,15,100,30,0.01,False,cpu,lightning.qubit,adjoint,paper,edge_line_zzz_ccrz,0.1,True,0.0,D4,1.5330628710247998,2.236667500068076,0.8333333333333334,0.5966666666666667,0.2366666666666667,96,4,symmetry,1805.5641705840824,True,True,0,disjoint,0.0,0.0,0,none,()
C4,3,2,1,60,600,15,100,30,0.01,False,cpu,lightning.qubit,adjoint,paper,edge_line_zzz_ccrz,0.1,True,0.0,D4,1.4626948652923315,2.122060144812872,0.8833333333333333,0.6066666666666667,0.2766666666666666,96,4,symmetry,1798.1276903748512,True,True,0,disjoint,0.0,0.0,0,none,()
C4,3,2,6,60,600,15,100,30,0.01,False,cpu,lightning.qubit,adjoint,paper,edge_line_zzz_ccrz,0.1,True,0.0,D4,1.5894717899752109,2.0019942589649173,0.85,0.67,0.1799999999999999,96,4,symmetry,1815.9692792496644,True,True,0,disjoint,0.0,0.0,0,none,()
C4,3,2,1,120,600,15,100,30,0.01,False,cpu,lightning.qubit,adjoint,paper,edge_line_zzz_ccrz,0.1,True,0.0,D4,1.6954472412857762,2.1543333675246155,0.825,0.6083333333333333,0.2166666666666666,96,4,symmetry,2090.227411207743,True,True,0,disjoint,0.0,0.0,0,none,()
C4,3,2,6,120,600,15,100,30,0.01,False,cpu,lightning.qubit,adjoint,paper,edge_line_zzz_ccrz,0.1,True,0.0,D4,1.5909275208004634,2.0000847334329275,0.7916666666666666,0.6483333333333333,0.1433333333333333,96,4,symmetry,2863.7092953328975,True,True,0,disjoint,0.0,0.0,0,none,()
C4,3,2,1,240,600,15,100,30,0.01,False,cpu,lightning.qubit,adjoint,paper,edge_line_zzz_ccrz,0.1,True,0.0,D4,1.724308574569406,1.925737718670992,0.8083333333333333,0.745,0.0633333333333333,96,4,symmetry,3544.731954250019,True,True,0,disjoint,0.0,0.0,0,none,()
C4,3,2,6,240,600,15,100,30,0.01,False,cpu,lightning.qubit,adjoint,paper,edge_line_zzz_ccrz,0.1,True,0.0,D4,1.7578831695397863,1.911789519677603,0.8208333333333333,0.75,0.0708333333333333,96,4,symmetry,4862.045024791732,True,True,0,disjoint,0.0,0.0,0,none,()
C4,3,2,6,450,600,15,100,30,0.01,False,cpu,lightning.qubit,adjoint,paper,edge_line_zzz_ccrz,0.1,True,0.0,D4,1.719761653680677,1.8685687742640396,0.7777777777777778,0.71,0.0677777777777778,96,4,symmetry,1991.873197000008,True,False,93,independent_fallback,0.0,0.0,0,none,()
C4,3,2,6,600,600,15,100,30,0.01,False,cpu,lightning.qubit,adjoint,paper,edge_line_zzz_ccrz,0.1,True,0.0,D4,1.8102685774991745,1.9106908723229716,0.7483333333333333,0.69,0.0583333333333333,96,4,symmetry,1756.387157083023,True,False,130,independent_fallback,0.0,0.0,0,none,()
D4,3,2,1,30,600,15,100,30,0.01,False,cpu,lightning.qubit,adjoint,paper,edge_line_zzz_ccrz,0.1,True,0.0,D4,1.179975499083224,2.5230692924029436,0.9666666666666668,0.5066666666666667,0.4599999999999999,90,8,symmetry,2073.1996393329464,True,True,0,disjoint,0.0,0.0,0,none,()
D4,3,2,6,30,600,15,100,30,0.01,False,cpu,lightning.qubit,adjoint,paper,edge_line_zzz_ccrz,0.1,True,0.0,D4,1.4479909295597535,2.068430054926383,0.9,0.6383333333333333,0.2616666666666667,90,8,symmetry,1740.001926874742,True,True,0,disjoint,0.0,0.0,0,none,()
D4,3,2,1,60,600,15,100,30,0.01,False,cpu,lightning.qubit,adjoint,paper,edge_line_zzz_ccrz,0.1,True,0.0,D4,1.4558871520462668,2.193380472392216,0.9,0.61,0.29,90,8,symmetry,1688.7208745409737,True,True,0,disjoint,0.0,0.0,0,none,()
D4,3,2,6,60,600,15,100,30,0.01,False,cpu,lightning.qubit,adjoint,paper,edge_line_zzz_ccrz,0.1,True,0.0,D4,1.6112632165570882,1.96051049527416,0.9166666666666666,0.72,0.1966666666666666,90,8,symmetry,1775.6438550413586,True,True,0,disjoint,0.0,0.0,0,none,()
D4,3,2,1,120,600,15,100,30,0.01,False,cpu,lightning.qubit,adjoint,paper,edge_line_zzz_ccrz,0.1,True,0.0,D4,1.5682038518026646,1.949512192928193,0.825,0.6366666666666667,0.1883333333333332,90,8,symmetry,2154.5008535408415,True,True,0,disjoint,0.0,0.0,0,none,()
D4,3,2,6,120,600,15,100,30,0.01,False,cpu,lightning.qubit,adjoint,paper,edge_line_zzz_ccrz,0.1,True,0.0,D4,1.6962699344612722,2.1336578587096504,0.7916666666666666,0.635,0.1566666666666666,90,8,symmetry,3131.348703457974,True,True,0,disjoint,0.0,0.0,0,none,()
D4,3,2,1,240,600,15,100,30,0.01,False,cpu,lightning.qubit,adjoint,paper,edge_line_zzz_ccrz,0.1,True,0.0,D4,1.716217924237599,1.890385603334908,0.7916666666666666,0.7266666666666667,0.0649999999999999,90,8,symmetry,4533.763144874945,True,True,0,disjoint,0.0,0.0,0,none,()
D4,3,2,6,240,600,15,100,30,0.01,False,cpu,lightning.qubit,adjoint,paper,edge_line_zzz_ccrz,0.1,True,0.0,D4,1.7225697706525034,1.9123346253758853,0.8541666666666666,0.7616666666666667,0.0924999999999999,90,8,symmetry,3159.8396636662073,True,True,0,disjoint,0.0,0.0,0,none,()
D4,3,2,6,450,600,15,100,30,0.01,False,cpu,lightning.qubit,adjoint,paper,edge_line_zzz_ccrz,0.1,True,0.0,D4,1.752145427842983,1.871204168836196,0.7577777777777778,0.7183333333333334,0.0394444444444443,90,8,symmetry,2643.6349797500297,True,False,93,independent_fallback,0.0,0.0,0,none,()
D4,3,2,6,600,600,15,100,30,0.01,False,cpu,lightning.qubit,adjoint,paper,edge_line_zzz_ccrz,0.1,True,0.0,D4,1.816014055152503,1.9316478298623063,0.785,0.7183333333333334,0.0666666666666666,90,8,symmetry,1924.9774135830812,True,False,130,independent_fallback,0.0,0.0,0,none,()
C4,3,2,2,30,600,15,100,30,0.01,False,cpu,lightning.qubit,adjoint,paper,edge_line_zzz_ccrz,0.1,True,0.0,D4,1.2204669081701458,2.331093578502944,0.9666666666666668,0.5883333333333334,0.3783333333333333,96,4,symmetry,1817.3130550831556,True,True,0,disjoint,0.0,0.0,0,none,()
C4,3,2,7,30,600,15,100,30,0.01,False,cpu,lightning.qubit,adjoint,paper,edge_line_zzz_ccrz,0.1,True,0.0,D4,1.1328513307024568,2.4621652430355785,0.9666666666666668,0.5466666666666666,0.42,96,4,symmetry,1814.4168087076396,True,True,0,disjoint,0.0,0.0,0,none,()
C4,3,2,2,60,600,15,100,30,0.01,False,cpu,lightning.qubit,adjoint,paper,edge_line_zzz_ccrz,0.1,True,0.0,D4,1.4746789699762937,2.2892291023420377,0.85,0.5816666666666667,0.2683333333333333,96,4,symmetry,1804.124949540943,True,True,0,disjoint,0.0,0.0,0,none,()
C4,3,2,7,60,600,15,100,30,0.01,False,cpu,lightning.qubit,adjoint,paper,edge_line_zzz_ccrz,0.1,True,0.0,D4,1.5297185696830653,2.22160967581388,0.8833333333333333,0.6033333333333334,0.2799999999999999,96,4,symmetry,1824.6320376247168,True,True,0,disjoint,0.0,0.0,0,none,()
C4,3,2,2,120,600,15,100,30,0.01,False,cpu,lightning.qubit,adjoint,paper,edge_line_zzz_ccrz,0.1,True,0.0,D4,1.648347670123425,2.0878680786391697,0.8,0.6633333333333333,0.1366666666666667,96,4,symmetry,2105.6584832076915,True,True,0,disjoint,0.0,0.0,0,none,()
C4,3,2,7,120,600,15,100,30,0.01,False,cpu,lightning.qubit,adjoint,paper,edge_line_zzz_ccrz,0.1,True,0.0,D4,1.6156211427915692,1.9155689770925437,0.9,0.7683333333333333,0.1316666666666667,96,4,symmetry,2918.793826790992,True,True,0,disjoint,0.0,0.0,0,none,()
C4,3,2,2,240,600,15,100,30,0.01,False,cpu,lightning.qubit,adjoint,paper,edge_line_zzz_ccrz,0.1,True,0.0,D4,1.7569858416262598,2.0560503722278516,0.7958333333333333,0.6883333333333334,0.1074999999999999,96,4,symmetry,3543.1542337918654,True,True,0,disjoint,0.0,0.0,0,none,()
C4,3,2,7,240,600,15,100,30,0.01,False,cpu,lightning.qubit,adjoint,paper,edge_line_zzz_ccrz,0.1,True,0.0,D4,1.6827351510259887,1.9453199318226075,0.8125,0.7166666666666667,0.0958333333333333,96,4,symmetry,4879.754139667377,True,True,0,disjoint,0.0,0.0,0,none,()
C4,3,2,7,450,600,15,100,30,0.01,False,cpu,lightning.qubit,adjoint,paper,edge_line_zzz_ccrz,0.1,True,0.0,D4,1.8148739777182743,1.8987277367454072,0.7688888888888888,0.6983333333333334,0.0705555555555554,96,4,symmetry,1940.0203830832615,True,False,104,independent_fallback,0.0,0.0,0,none,()
C4,3,2,7,600,600,15,100,30,0.01,False,cpu,lightning.qubit,adjoint,paper,edge_line_zzz_ccrz,0.1,True,0.0,D4,1.7534795651207902,1.8331160114398175,0.8,0.7733333333333333,0.0266666666666667,96,4,symmetry,1761.3372519169934,True,False,135,independent_fallback,0.0,0.0,0,none,()
D4,3,2,2,30,600,15,100,30,0.01,False,cpu,lightning.qubit,adjoint,paper,edge_line_zzz_ccrz,0.1,True,0.0,D4,1.3293011075364158,2.124994958251131,1.0,0.7116666666666667,0.2883333333333333,90,8,symmetry,2086.812520958949,True,True,0,disjoint,0.0,0.0,0,none,()
D4,3,2,7,30,600,15,100,30,0.01,False,cpu,lightning.qubit,adjoint,paper,edge_line_zzz_ccrz,0.1,True,0.0,D4,1.126385122666632,2.3799109943679206,1.0,0.55,0.4499999999999999,90,8,symmetry,1727.5034671248868,True,True,0,disjoint,0.0,0.0,0,none,()
D4,3,2,2,60,600,15,100,30,0.01,False,cpu,lightning.qubit,adjoint,paper,edge_line_zzz_ccrz,0.1,True,0.0,D4,1.444413230415834,2.1479086769484144,0.8666666666666667,0.68,0.1866666666666666,90,8,symmetry,1702.5753650828265,True,True,0,disjoint,0.0,0.0,0,none,()
D4,3,2,7,60,600,15,100,30,0.01,False,cpu,lightning.qubit,adjoint,paper,edge_line_zzz_ccrz,0.1,True,0.0,D4,1.5635388457409494,2.0986605798830107,0.8666666666666667,0.68,0.1866666666666666,90,8,symmetry,1787.3529900410213,True,True,0,disjoint,0.0,0.0,0,none,()
D4,3,2,2,120,600,15,100,30,0.01,False,cpu,lightning.qubit,adjoint,paper,edge_line_zzz_ccrz,0.1,True,0.0,D4,1.645222327145664,2.0949967303296497,0.8166666666666667,0.66,0.1566666666666666,90,8,symmetry,2184.3653073334135,True,True,0,disjoint,0.0,0.0,0,none,()
D4,3,2,7,120,600,15,100,30,0.01,False,cpu,lightning.qubit,adjoint,paper,edge_line_zzz_ccrz,0.1,True,0.0,D4,1.6718920396653827,1.9542048006561208,0.875,0.7266666666666667,0.1483333333333333,90,8,symmetry,3260.9086863752455,True,True,0,disjoint,0.0,0.0,0,none,()
D4,3,2,2,240,600,15,100,30,0.01,False,cpu,lightning.qubit,adjoint,paper,edge_line_zzz_ccrz,0.1,True,0.0,D4,1.7234663069598448,1.9850197540680143,0.7333333333333333,0.6783333333333333,0.0549999999999999,90,8,symmetry,4466.177238209173,True,True,0,disjoint,0.0,0.0,0,none,()
D4,3,2,7,240,600,15,100,30,0.01,False,cpu,lightning.qubit,adjoint,paper,edge_line_zzz_ccrz,0.1,True,0.0,D4,1.708838713631884,1.8941889085260777,0.7583333333333333,0.6783333333333333,0.0799999999999999,90,8,symmetry,3198.999547334388,True,True,0,disjoint,0.0,0.0,0,none,()
D4,3,2,7,450,600,15,100,30,0.01,False,cpu,lightning.qubit,adjoint,paper,edge_line_zzz_ccrz,0.1,True,0.0,D4,1.7824739646058525,1.867839276393608,0.78,0.7483333333333333,0.0316666666666667,90,8,symmetry,2557.960031332914,True,False,104,independent_fallback,0.0,0.0,0,none,()
D4,3,2,7,600,600,15,100,30,0.01,False,cpu,lightning.qubit,adjoint,paper,edge_line_zzz_ccrz,0.1,True,0.0,D4,1.7671491122806946,1.8498411832568111,0.7966666666666666,0.7516666666666667,0.0449999999999999,90,8,symmetry,1898.583608167246,True,False,135,independent_fallback,0.0,0.0,0,none,()
C4,3,2,3,30,600,15,100,30,0.01,False,cpu,lightning.qubit,adjoint,paper,edge_line_zzz_ccrz,0.1,True,0.0,D4,1.2963349249398777,2.1472299105085164,0.8666666666666667,0.6083333333333333,0.2583333333333334,96,4,symmetry,1810.8739521251991,True,True,0,disjoint,0.0,0.0,0,none,()
C4,3,2,8,30,600,15,100,30,0.01,False,cpu,lightning.qubit,adjoint,paper,edge_line_zzz_ccrz,0.1,True,0.0,D4,1.1779592558693217,2.292416969651121,0.9666666666666668,0.595,0.3716666666666667,96,4,symmetry,1809.0902252909727,True,True,0,disjoint,0.0,0.0,0,none,()
C4,3,2,3,60,600,15,100,30,0.01,False,cpu,lightning.qubit,adjoint,paper,edge_line_zzz_ccrz,0.1,True,0.0,D4,1.481618910314653,2.073637181782513,0.9166666666666666,0.685,0.2316666666666665,96,4,symmetry,1802.0169367920607,True,True,0,disjoint,0.0,0.0,0,none,()
C4,3,2,8,60,600,15,100,30,0.01,False,cpu,lightning.qubit,adjoint,paper,edge_line_zzz_ccrz,0.1,True,0.0,D4,1.5570797619006145,2.1733190858269236,0.9,0.635,0.265,96,4,symmetry,1818.643972874619,True,True,0,disjoint,0.0,0.0,0,none,()
C4,3,2,3,120,600,15,100,30,0.01,False,cpu,lightning.qubit,adjoint,paper,edge_line_zzz_ccrz,0.1,True,0.0,D4,1.547576574521113,1.9862857175286603,0.85,0.685,0.1649999999999999,96,4,symmetry,2089.780614832882,True,True,0,disjoint,0.0,0.0,0,none,()
C4,3,2,8,120,600,15,100,30,0.01,False,cpu,lightning.qubit,adjoint,paper,edge_line_zzz_ccrz,0.1,True,0.0,D4,1.6507234359961709,2.037444858546857,0.8333333333333334,0.6816666666666666,0.1516666666666667,96,4,symmetry,2867.664655332919,True,True,0,disjoint,0.0,0.0,0,none,()
C4,3,2,3,240,600,15,100,30,0.01,False,cpu,lightning.qubit,adjoint,paper,edge_line_zzz_ccrz,0.1,True,0.0,D4,1.662436245760745,1.8350428186270584,0.8041666666666667,0.7,0.1041666666666667,96,4,symmetry,3536.404156707693,True,True,0,disjoint,0.0,0.0,0,none,()
C4,3,2,8,240,600,15,100,30,0.01,False,cpu,lightning.qubit,adjoint,paper,edge_line_zzz_ccrz,0.1,True,0.0,D4,1.7950561745467992,1.9622256128330595,0.8375,0.7683333333333333,0.0691666666666667,96,4,symmetry,4865.0616940422915,True,True,0,disjoint,0.0,0.0,0,none,()
C4,3,2,8,450,600,15,100,30,0.01,False,cpu,lightning.qubit,adjoint,paper,edge_line_zzz_ccrz,0.1,True,0.0,D4,1.7919256057300172,1.866139270618718,0.7844444444444445,0.7383333333333333,0.0461111111111112,96,4,symmetry,1988.881887999829,True,False,98,independent_fallback,0.0,0.0,0,none,()
C4,3,2,8,600,600,15,100,30,0.01,False,cpu,lightning.qubit,adjoint,paper,edge_line_zzz_ccrz,0.1,True,0.0,D4,1.7419667240774914,1.7772462396217377,0.7816666666666666,0.775,0.0066666666666665,96,4,symmetry,1757.8654826246202,True,False,134,independent_fallback,0.0,0.0,0,none,()
D4,3,2,3,30,600,15,100,30,0.01,False,cpu,lightning.qubit,adjoint,paper,edge_line_zzz_ccrz,0.1,True,0.0,D4,1.3963453474174756,2.224209883139886,0.9,0.5466666666666666,0.3533333333333334,90,8,symmetry,2069.4713709997013,True,True,0,disjoint,0.0,0.0,0,none,()
D4,3,2,8,30,600,15,100,30,0.01,False,cpu,lightning.qubit,adjoint,paper,edge_line_zzz_ccrz,0.1,True,0.0,D4,1.2334299960072015,2.3711139515600723,0.9666666666666668,0.5433333333333333,0.4233333333333333,90,8,symmetry,1737.4697614582255,True,True,0,disjoint,0.0,0.0,0,none,()
D4,3,2,3,60,600,15,100,30,0.01,False,cpu,lightning.qubit,adjoint,paper,edge_line_zzz_ccrz,0.1,True,0.0,D4,1.583894572795443,2.0996222174244052,0.8833333333333333,0.6683333333333333,0.2149999999999999,90,8,symmetry,1689.362800874747,True,True,0,disjoint,0.0,0.0,0,none,()
D4,3,2,8,60,600,15,100,30,0.01,False,cpu,lightning.qubit,adjoint,paper,edge_line_zzz_ccrz,0.1,True,0.0,D4,1.4662675127401643,2.1228633060464115,0.8833333333333333,0.6233333333333333,0.26,90,8,symmetry,1776.258789875079,True,True,0,disjoint,0.0,0.0,0,none,()
D4,3,2,3,120,600,15,100,30,0.01,False,cpu,lightning.qubit,adjoint,paper,edge_line_zzz_ccrz,0.1,True,0.0,D4,1.5872624449552162,1.956456275638948,0.8416666666666667,0.705,0.1366666666666667,90,8,symmetry,2157.692128874827,True,True,0,disjoint,0.0,0.0,0,none,()
D4,3,2,8,120,600,15,100,30,0.01,False,cpu,lightning.qubit,adjoint,paper,edge_line_zzz_ccrz,0.1,True,0.0,D4,1.6406986571703497,2.0412558945358525,0.7916666666666666,0.7033333333333334,0.0883333333333332,90,8,symmetry,3133.9015916250646,True,True,0,disjoint,0.0,0.0,0,none,()
D4,3,2,3,240,600,15,100,30,0.01,False,cpu,lightning.qubit,adjoint,paper,edge_line_zzz_ccrz,0.1,True,0.0,D4,1.5777211382924343,1.7341474261638905,0.7958333333333333,0.7216666666666667,0.0741666666666666,90,8,symmetry,4530.69296008395,True,True,0,disjoint,0.0,0.0,0,none,()
D4,3,2,8,240,600,15,100,30,0.01,False,cpu,lightning.qubit,adjoint,paper,edge_line_zzz_ccrz,0.1,True,0.0,D4,1.706020811207819,1.8928291565320137,0.7791666666666667,0.73,0.0491666666666666,90,8,symmetry,3157.64320737496,True,True,0,disjoint,0.0,0.0,0,none,()
D4,3,2,8,450,600,15,100,30,0.01,False,cpu,lightning.qubit,adjoint,paper,edge_line_zzz_ccrz,0.1,True,0.0,D4,1.823005693487854,1.9624559109316515,0.7088888888888889,0.655,0.0538888888888888,90,8,symmetry,2644.957260000054,True,False,98,independent_fallback,0.0,0.0,0,none,()
D4,3,2,8,600,600,15,100,30,0.01,False,cpu,lightning.qubit,adjoint,paper,edge_line_zzz_ccrz,0.1,True,0.0,D4,1.865913017131974,1.8755629325670984,0.78,0.76,0.02,90,8,symmetry,1925.5379909998735,True,False,134,independent_fallback,0.0,0.0,0,none,()
C4,3,2,4,30,600,15,100,30,0.01,False,cpu,lightning.qubit,adjoint,paper,edge_line_zzz_ccrz,0.1,True,0.0,D4,1.1306773902130731,2.2891780074253303,0.9333333333333332,0.5716666666666667,0.3616666666666667,96,4,symmetry,1815.403817083221,True,True,0,disjoint,0.0,0.0,0,none,()
C4,3,2,9,30,600,15,100,30,0.01,False,cpu,lightning.qubit,adjoint,paper,edge_line_zzz_ccrz,0.1,True,0.0,D4,1.297225669022802,2.36989068728651,0.9333333333333332,0.535,0.3983333333333333,96,4,symmetry,1813.7766862912104,True,True,0,disjoint,0.0,0.0,0,none,()
C4,3,2,4,60,600,15,100,30,0.01,False,cpu,lightning.qubit,adjoint,paper,edge_line_zzz_ccrz,0.1,True,0.0,D4,1.342411590867826,2.173458814983714,0.85,0.59,0.26,96,4,symmetry,1800.402676334139,True,True,0,disjoint,0.0,0.0,0,none,()
C4,3,2,9,60,600,15,100,30,0.01,False,cpu,lightning.qubit,adjoint,paper,edge_line_zzz_ccrz,0.1,True,0.0,D4,1.3600489143193466,2.1057545153362427,0.9166666666666666,0.6516666666666666,0.265,96,4,symmetry,1821.2799625829791,True,True,0,disjoint,0.0,0.0,0,none,()
C4,3,2,4,120,600,15,100,30,0.01,False,cpu,lightning.qubit,adjoint,paper,edge_line_zzz_ccrz,0.1,True,0.0,D4,1.6686857445385612,2.0098334928735007,0.8166666666666667,0.6766666666666666,0.14,96,4,symmetry,2093.1709401672706,True,True,0,disjoint,0.0,0.0,0,none,()
C4,3,2,9,120,600,15,100,30,0.01,False,cpu,lightning.qubit,adjoint,paper,edge_line_zzz_ccrz,0.1,True,0.0,D4,1.6658294772705218,1.9626781249768632,0.8,0.6833333333333333,0.1166666666666667,96,4,symmetry,2886.751916666981,True,True,0,disjoint,0.0,0.0,0,none,()
C4,3,2,4,240,600,15,100,30,0.01,False,cpu,lightning.qubit,adjoint,paper,edge_line_zzz_ccrz,0.1,True,0.0,D4,1.7112930147958427,1.874950961828982,0.8333333333333334,0.7383333333333333,0.095,96,4,symmetry,3535.639113083947,True,True,0,disjoint,0.0,0.0,0,none,()
C4,3,2,9,240,600,15,100,30,0.01,False,cpu,lightning.qubit,adjoint,paper,edge_line_zzz_ccrz,0.1,True,0.0,D4,1.7200489927841864,1.9194421495995175,0.8166666666666667,0.7366666666666667,0.0799999999999999,96,4,symmetry,4869.235979042016,True,True,0,disjoint,0.0,0.0,0,none,()
C4,3,2,9,450,600,15,100,30,0.01,False,cpu,lightning.qubit,adjoint,paper,edge_line_zzz_ccrz,0.1,True,0.0,D4,1.7808982771471058,1.8133591810096088,0.7955555555555556,0.8016666666666666,-0.006111111111111,96,4,symmetry,1977.7019307077865,True,False,93,independent_fallback,0.0,0.0,0,none,()
C4,3,2,9,600,600,15,100,30,0.01,False,cpu,lightning.qubit,adjoint,paper,edge_line_zzz_ccrz,0.1,True,0.0,D4,1.7858136289769049,1.8212209002270932,0.8216666666666667,0.795,0.0266666666666666,96,4,symmetry,1761.2527028326876,True,False,127,independent_fallback,0.0,0.0,0,none,()
D4,3,2,4,30,600,15,100,30,0.01,False,cpu,lightning.qubit,adjoint,paper,edge_line_zzz_ccrz,0.1,True,0.0,D4,1.1249002998349344,2.524223860998545,0.9,0.4833333333333333,0.4166666666666667,90,8,symmetry,2075.904091583099,True,True,0,disjoint,0.0,0.0,0,none,()
D4,3,2,9,30,600,15,100,30,0.01,False,cpu,lightning.qubit,adjoint,paper,edge_line_zzz_ccrz,0.1,True,0.0,D4,1.2979749314750455,2.3581396883748003,0.9,0.5183333333333333,0.3816666666666667,90,8,symmetry,1735.4515509582125,True,True,0,disjoint,0.0,0.0,0,none,()
D4,3,2,4,60,600,15,100,30,0.01,False,cpu,lightning.qubit,adjoint,paper,edge_line_zzz_ccrz,0.1,True,0.0,D4,1.4538657348145,2.117885212486273,0.9166666666666666,0.6266666666666667,0.2899999999999999,90,8,symmetry,1696.345728875138,True,True,0,disjoint,0.0,0.0,0,none,()
D4,3,2,9,60,600,15,100,30,0.01,False,cpu,lightning.qubit,adjoint,paper,edge_line_zzz_ccrz,0.1,True,0.0,D4,1.545130738403787,2.2410787516675788,0.8833333333333333,0.6116666666666667,0.2716666666666666,90,8,symmetry,1779.7694906252436,True,True,0,disjoint,0.0,0.0,0,none,()
D4,3,2,4,120,600,15,100,30,0.01,False,cpu,lightning.qubit,adjoint,paper,edge_line_zzz_ccrz,0.1,True,0.0,D4,1.5992807155237727,1.9055202386349168,0.8333333333333334,0.7116666666666667,0.1216666666666667,90,8,symmetry,2166.747190167196,True,True,0,disjoint,0.0,0.0,0,none,()
D4,3,2,9,120,600,15,100,30,0.01,False,cpu,lightning.qubit,adjoint,paper,edge_line_zzz_ccrz,0.1,True,0.0,D4,1.7431172559742616,2.171174184027497,0.85,0.62,0.2299999999999999,90,8,symmetry,3182.1056211250834,True,True,0,disjoint,0.0,0.0,0,none,()
D4,3,2,4,240,600,15,100,30,0.01,False,cpu,lightning.qubit,adjoint,paper,edge_line_zzz_ccrz,0.1,True,0.0,D4,1.6147395447056143,1.7703489517498747,0.9166666666666666,0.82,0.0966666666666666,90,8,symmetry,4503.558367582969,True,True,0,disjoint,0.0,0.0,0,none,()
D4,3,2,9,240,600,15,100,30,0.01,False,cpu,lightning.qubit,adjoint,paper,edge_line_zzz_ccrz,0.1,True,0.0,D4,1.8875823369400344,2.0342514151468394,0.7458333333333333,0.67,0.0758333333333333,90,8,symmetry,3168.5095510841347,True,True,0,disjoint,0.0,0.0,0,none,()
D4,3,2,9,450,600,15,100,30,0.01,False,cpu,lightning.qubit,adjoint,paper,edge_line_zzz_ccrz,0.1,True,0.0,D4,1.7511153880843782,1.7998994863069504,0.7822222222222223,0.7766666666666666,0.0055555555555556,90,8,symmetry,2613.3680865000933,True,False,93,independent_fallback,0.0,0.0,0,none,()
D4,3,2,9,600,600,15,100,30,0.01,False,cpu,lightning.qubit,adjoint,paper,edge_line_zzz_ccrz,0.1,True,0.0,D4,1.7782028739821545,1.8228454334999984,0.795,0.7866666666666666,0.0083333333333334,90,8,symmetry,1916.4392833332531,True,False,127,independent_fallback,0.0,0.0,0,none,()
